123moviesfree.com - Watch Full Movies Online For Free	123moviesfree.com
ç½‘æ˜“	163.com
è´¢ç•Œç½‘ - ä¸­å›½è´¢ç»é‡‘èé—¨æˆ·	17ok.com
‚Q‚¿‚á‚ñ‚Ë‚éŒf¦”Â‚Ö‚æ‚¤‚±‚»	2ch.net
39½¡¿µÍø_ÖĞ¹úÓÅÖÊÒ½ÁÆ±£½¡ĞÅÏ¢ÓëÔÚÏß½¡¿µ·şÎñÆ½Ì¨	39.net
4chan	4chan.org
AdSupply - Beyond the Banner	4dsply.com
4PDA	4pda.ru
4shared.com - Ñ…Ñ€Ğ°Ğ½ĞµĞ½Ğ¸Ğµ Ğ¸ Ğ¾Ğ±Ğ¼ĞµĞ½ Ñ„Ğ°Ğ¹Ğ»Ğ°Ğ¼Ğ¸ - Ğ±ĞµÑĞ¿Ğ»Ğ°Ñ‚Ğ½Ğ¾	4shared.com
ÓÎÏ·ÓéÀÖµÚÒ»ÃÅ»§_52PK	52pk.com
58åŒåŸæµ·å¤–å›½é™…ç«™-ä¸“ä¸ºåäººæœåŠ¡çš„åˆ†ç±»ä¿¡æ¯ç½‘-58åŒåŸ	58.com
9GAG - Go Fun Yourself	9gag.com
Redirect Page	aastocks.com
Home - ABS-CBN Entertainment
Home - ABS-CBN Entertainment	abs-cbn.com
Academia.edu - Share research	academia.edu
Russia Weather - AccuWeather.com	accuweather.com
Adbooth Display Network	adbooth.com
AdFly - The URL shortener service that pays you! Earn money for every visitor to your links.	adf.ly
AddThis - Get more likes, shares and follows with smart website toolsShare-IllustrationFollow-IllustrationRelated-IllustrationEmail CollectionLink Promotion	addthis.com
403 Forbidden	adexchangeprediction.com
adMarketplace | Leading Search Advertising Marketplace	admarketplace.net
AdMe â€” Ğ¢Ğ²Ğ¾Ñ€Ñ‡ĞµÑÑ‚Ğ²Ğ¾. Ğ¡Ğ²Ğ¾Ğ±Ğ¾Ğ´Ğ°. Ğ–Ğ¸Ğ·Ğ½ÑŒ.	adme.ru
403 Forbidden	adnetworkperformance.com
Adobe: Creative, marketing and document management solutions	adobe.com
ADP Offers Easy Online Payroll, HR Software & Payroll Tax Services	adp.com
	adplxmd.com
Agoda.com: Book Discount Hotels, Vacation Rentals & Flights Online	agoda.com
Just a moment...	albawabhnews.com
airtel: Prepaid | Postpaid | Broadband | Payments Bank | DigitalTV Services in India	airtel.in
Vacation Rentals, Homes, Experiences & Places - Airbnb	airbnb.com
Manufacturers, Suppliers, Exporters & Importers from the world's largest online B2B marketplace-Alibaba.com	alibaba.com
	alicdn.com
Allegro.pl - WiÄ™cej niÅ¼ aukcje. Najlepsze oferty na najwiÄ™kszej platformie handlowej.	allegro.pl
Allrecipes | Food, friends, and recipe inspiration	allrecipes.com
AlloCinÃ© : CinÃ©ma, SÃ©ries TV, BO de films et sÃ©ries, VidÃ©os, DVD et VOD	allocine.fr
Ø§Ù„Ù…ØµØ±ÙŠ Ø§Ù„ÙŠÙˆÙ…	almasryalyoum.com
Amazon | æœ¬, ãƒ•ã‚¡ãƒƒã‚·ãƒ§ãƒ³, å®¶é›»ã‹ã‚‰é£Ÿå“ã¾ã§ | ã‚¢ãƒã‚¾ãƒ³	amazon.co.jp
äºšé©¬é€Š-ç½‘ä¸Šè´­ç‰©å•†åŸï¼šè¦ç½‘è´­, å°±æ¥Z.cn!	amazon.cn
Amazon.co.uk: Low Prices in Electronics, Books, Sports Equipment & more	amazon.co.uk
Amazon.de: GÃ¼nstige Preise fÃ¼r Elektronik & Foto, Filme, Musik, BÃ¼cher, Games, Spielzeug & mehr	amazon.de
Amazon.es: compra online de electrÃ³nica, libros, deporte, hogar, moda y mucho mÃ¡s.	amazon.es
Amazon.fr : livres, DVD, jeux vidÃ©o, MP3, high-tech, informatique, jouets, chaussures, vÃªtements, sport, maison et plus encore !	amazon.fr
Amazon.it: elettronica, libri, musica, fashion, videogiochi, DVD e tanto altro	amazon.it
Amazon Web Services (AWS) -  Cloud Computing Services	amazonaws.com
ã‚¢ãƒ¡ãƒ¼ãƒãƒ–ãƒ­ã‚°ï¼ˆã‚¢ãƒ¡ãƒ–ãƒ­ï¼‰ï½œAmebaã§ç„¡æ–™ãƒ–ãƒ­ã‚°ã‚’å§‹ã‚ã‚ˆã†	ameblo.jp
American Express Credit Cards, Rewards, Travel and Business Services	americanexpress.com
Andhrajyothi for Latest Telugu NEWS,online NEWS,Breaking NEWS	andhrajyothy.com
Android	android.com
Ver Anime Online 1080p Gratis - AnimeFLV	animeflv.net
AOL - News, Weather, Entertainment, Finance & Lifestyle	aol.com
	apple-kungfu.com
Google Cloud Platform	appspot.com
Internet Archive: Digital Library of Free Books, Movies, Music & Wayback Machine	archive.org
AS.com - Diario online deportivo. FÃºtbol, motor y mucho mÃ¡s	as.com
400 Bad Request	asdfg.pro
Askcom	askcom.me
Ask and Answer - ASKfm	ask.fm
Ask Ubuntu	askubuntu.com
Products | Atlassian	atlassian.net
AT&TÂ® Official - Entertainment, TV, Wireless & Internet	att.com
AVG 2017 | FREE Antivirus & TuneUp for PC, Mac, Android	avg.com
Autodesk | 3D Design, Engineering & Entertainment SoftwareAsset 12Asset 10Asset 15Asset 15autodesk_icon_font_04_06_16_klAsset 11autodesk_icon_font_04_06_16_klautodesk_icon_font_1_18_17_start_over-01	autodesk.com
Avast | Ğ¡ĞºĞ°Ñ‡Ğ°Ñ‚ÑŒ Ğ±ĞµÑĞ¿Ğ»Ğ°Ñ‚Ğ½Ñ‹Ğ¹ Ğ°Ğ½Ñ‚Ğ¸Ğ²Ğ¸Ñ€ÑƒÑ	avast.com
Ğ”Ğ¾ÑĞºĞ° Ğ¾Ğ±ÑŠÑĞ²Ğ»ĞµĞ½Ğ¸Ğ¹ Ğ¾Ñ‚ Ñ‡Ğ°ÑÑ‚Ğ½Ñ‹Ñ… Ğ»Ğ¸Ñ† Ğ¸ ĞºĞ¾Ğ¼Ğ¿Ğ°Ğ½Ğ¸Ğ¹ Ğ½Ğ° Avito	avito.ru
Ğ—Ğ½Ğ°ĞºĞ¾Ğ¼ÑŒÑÑ Ñ Ğ½Ğ¾Ğ²Ñ‹Ğ¼Ğ¸ Ğ»ÑĞ´ÑŒĞ¼Ğ¸ Ğ½Ğ° Badoo, Ğ·Ğ°Ğ²Ğ¾Ğ´Ğ¸ Ğ´Ñ€ÑƒĞ·ĞµĞ¹, Ğ¾Ğ±Ñ‰Ğ°Ğ¹ÑÑ, Ñ„Ğ»Ğ¸Ñ€Ñ‚ÑƒĞ¹!	badoo.com
å®å®æ ‘_å…¨çƒæœ€å¤§çš„æ¯å©´è‚²å„¿ç½‘ç«™	babytree.com
AZLyrics - Song Lyrics from A to Z	azlyrics.com
	baidu.com
Bandcamp	bandcamp.com
Ø¨Ø§Ù†Ú© Ù…Ù„Øª> ØµÙØ­Ù‡ Ø§ØµÙ„ÛŒ	bankmellat.ir
BBC - Home	bbc.co.uk
BBC - Homepage	bbc.com
Home | University of California, Berkeley	berkeley.edu
beeg.	beeg.com
Bet9ja Nigeria Sport Betting,Premier League Odds,Casino,Bet	bet9ja.com
Ø¨ÛŒØªÙˆØªÙ‡ Ù¾ÙˆØ±ØªØ§Ù„ Ø¬Ø§Ù…Ø¹ Ø´Ø§Ù…Ù„ Ø®Ø¨Ø±ØŒ Ø³Ø±Ú¯Ø±Ù…ÛŒØŒ Ø±ÙˆØ§Ù†Ø´Ù†Ø§Ø³ÛŒØŒ Ø²Ù†Ø§Ø´ÙˆÛŒÛŒØŒ Ù…Ø¯ØŒ Ø¯Ú©ÙˆØ±Ø§Ø³ÛŒÙˆÙ†ØŒ Ø¢Ø´Ù¾Ø²ÛŒØŒ Ù¾Ø²Ø´Ú©ÛŒ	beytoote.com
Aktuelle Nachrichten  -
	Bild.de	bild.de
Hindi News:Hindi Samachar,Latest News in Hindi,Hindi News Paper - Dainik Bhaskar	bhaskar.com
BibleGateway.com: A searchable online Bible in over 150 versions and 50 languages.	biblegateway.com
å“”å“©å“”å“© (ã‚œ-ã‚œ)ã¤ãƒ­ å¹²æ¯~-bilibili	bilibili.com
BillDesk - All Your Payments. Single Location.	billdesk.com
Bing	bing.com
Berita Gosip Terbaru Hari ini, Kabar Artis Terkini - Bintang.com	bintang.com
Bitbucket | The Git solution for professional teamsBitbucket logoAtlassian logo	bitbucket.org
BioBioChile - La Red de Prensa MÃ¡s Grande de Chile	biobiochile.cl
ã€åŒ—äº¬æ±½è½¦ç½‘|åŒ—äº¬è½¦å¸‚_åŒ—äº¬æ±½è½¦æŠ¥ä»·_åŒ—äº¬æ±½è½¦å›¢è´­æœåŠ¡ã€‘_æ˜“è½¦ç½‘	bitauto.com
Bitly | URL Shortener and Link Management Platform	bitly.com
BitTorrent Media Network	bitmedianetwork.com
Blasting News: Let's change global information. Together.	blastingnews.com
Bleacher Report | Sports. Highlights. News. Now.	bleacherreport.com
blog.jp	blog.jp
BLOGFA :: Free Persian Weblog Service :: ÙˆØ¨Ù„Ø§Ú¯ ÙØ§Ø±Ø³ÛŒ	blogfa.com
Blogger.com - Create a unique and beautiful blog. Itâ€™s easy and free.	blogger.com
Blogger.com - Create a unique and beautiful blog. Itâ€™s easy and free.	blogspot.com
Error 404 (Not Found)!!1	blogspot.com.br
Error 404 (Not Found)!!1	blogspot.com.es
Google	blogspot.in
Google	blogspot.jp
Google	blogspot.mx
Berita bola, jadwal, skor & liga eropa - Bola.net	bola.net
Bloomberg.com	bloomberg.com
Bodybuilding.com - Huge Online Supplement Store & Fitness Community!	bodybuilding.com
boMb01	bomb01.com
Ğ‘ĞµÑĞ¿Ğ»Ğ°Ñ‚Ğ½Ñ‹Ğ¹ ÑÑ€Ğ¾Ñ‚Ğ¸Ñ‡ĞµÑĞºĞ¸Ğ¹ Ğ²Ğ¸Ğ´ĞµĞ¾Ñ‡Ğ°Ñ‚ Ñ Ğ¾Ğ½Ğ»Ğ°Ğ¹Ğ½-ÑˆĞ¾Ñƒ	bongacams.com
Booking.com: 1,251,761 hotels worldwide. 119+ million hotel reviews.	booking.com
BoredPanda - The Only Magazine For Pandas	boredpanda.com
Secure File Sharing, Storage, and Collaboration | Boxairwatch by vmwareSymantecMobileIronSlackIBMSalesForceGsuiteOffice365	box.com
Ğ”ĞĞ¡Ğ¢Ğ£ĞŸ ĞĞ“Ğ ĞĞĞ˜Ğ§Ğ•Ğ	brazzers.com
Breitbart News Network	breitbart.com
BrightSide â€” Inspiration. Creativity. Wonder.	brightside.me
Stories worth sharing - Brilio.net	brilio.net
Situs Jual Beli Online Mudah Dan Terpercaya | Bukalapak	bukalapak.com
Business Insider	businessinsider.com
BuzzFeedReporting To You	buzzfeed.com
BUYMA.com ãƒ•ã‚¡ãƒƒã‚·ãƒ§ãƒ³é€šè²©ã‚µã‚¤ãƒˆ-æµ·å¤–ãƒ–ãƒ©ãƒ³ãƒ‰ã‚’å§‹ã‚ä¸–ç•Œä¸­ã®å•†å“ã‚’ãŠå¾—ã«è³¼å…¥	buyma.com
Welcome to the California State Web Portal	ca.gov
è´¢ç»ç½‘ - CAIJING.COM.CN	caijing.com.cn
CAM4: Free Live Sex Cams | Worlds Largest Live Porn Site!	cam4.com
Home | Cambridge University Press	cambridge.org
CCM - Online Community	ccm.net
CBC.ca - Canadian News Sports Entertainment Kids Docs Radio TV	cbc.ca
CBS Sports - News, Live Scores, Schedules, Fantasy Games, Video and more. - CBSSports.com	cbssports.com
Capital One Credit Cards, Bank, and Loans - Personal and BusinessCapital One Credit Cards, Bank, and Loans - Personal and Business	capitalone.com
Cdiscount.com - Vous Ãªtes plus riche que vous ne le croyez	cdiscount.com
	charmstroy.info
å¤®è§†ç½‘	cctv.com
Chase Bank - Credit Card, Mortgage, Auto, Banking Services	chase.com
ä¸­åç½‘	china.com
Chaturbate - Free Adult Webcams, Live Sex, Free Sex Chat, Exhibitionist & Pornstar Free Cams	chaturbate.com
China Daily Website - Connecting China Connecting the World	chinadaily.com.cn
ä¸­å›½ç½‘--ç½‘ä¸Šä¸­å›½	china.com.cn
CHIP - Deutschlands Webseite Nr. 1 fÃ¼r Computer, Handy und Home Entertainment Logo CHIPBurgerSearchFacebookTwitterGoogle+YouTube	chip.de
ChoufTV :: TV Ø´ÙˆÙ ØªÙŠÙÙŠ Ø£ÙˆÙ„ ØªÙ„ÙØ²Ø© Ø¥Ù„ÙƒØªØ±ÙˆÙ†ÙŠØ© Ø¨Ø§Ù„Ù…ØºØ±Ø¨ ||Ø´ÙˆÙ	chouftv.ma
Houston News, Sports, Business, and Entertainment - The Houston Chronicle at Chron.com - Houston Chronicle	chron.com
è‚²å„¿ç½‘	ci123.com
Cisco - Global Home Page	cisco.com
Banking with Citi | Citi.comBanking with Citi | Citi.com	citi.com
å¡æè«¾è«–å£‡-CK101.COM	ck101.com
	clevernt.com
	clicksgear.com
YouTube to MP4 & MP3 Converter and Video Download - ClipConverter.cc	clipconverter.cc
åšå®¢å›­ - å¼€å‘è€…çš„ç½‘ä¸Šå®¶å›­	cnblogs.com
Product reviews, how-tos, deals and the latest tech news - CNET	cnet.com
CNN - Breaking News, U.S., World, Weather, Entertainment & Video News	cnn.com
CodePen - Front End Developer Playground & Code Editor in the BrowsercssAudio - Activefile-genericCSS - ActiveGeneric - ActiveHTML - ActiveImage - ActiveJS - ActiveSVG - ActiveText - Activefile-genericVideo - Activehtmlicon-personicon-teamoctocatspinnerstartvheadernumbered-listsplit-screen	codepen.io
XFINITYÂ® TV, Internet, Phone & Home Security Services by Comcast	comcast.net
Comic BookPopCulture.com LogoStarStarStarStarStarFireFireFireFireFireFireFireFireFireFireFireFireFireFireFireFireFireFireFireFire	comicbook.com
convert2mp3.net - Online Video converter - Youtube, Dailymotion, Vevo, Clipfish und MyVideo Videos in MP3, MP4 und weitere Formate umwandeln	convert2mp3.net
Conservative Tribune Fearless, Bold, Conservative.	conservativetribune.com
Corriere della Sera	corriere.it
Master Your Classesâ„¢ | Course Hero	coursehero.com
Coursera | Online Courses From Top Universities. Join for Free	coursera.org
IPL 2017, Live Cricket Score, Schedule, Latest News, Archives, Series & Stats | Cricbuzz.com	cricbuzz.com
Crunchyroll - Watch Naruto Shippuden, Bleach, Anime Videos and Episodes Free OnlineCrunchyrollOpen MenuClose MenuLogin	crunchyroll.com
CSDN.NET - å…¨çƒæœ€å¤§ä¸­æ–‡ITç¤¾åŒºï¼Œä¸ºITä¸“ä¸šæŠ€æœ¯äººå‘˜æä¾›æœ€å…¨é¢çš„ä¿¡æ¯ä¼ æ’­å’ŒæœåŠ¡å¹³å°	csdn.net
Cura pela Natureza |	curapelanatureza.com.br
DaFont - Download fonts	dafont.com
Äáº¡i Ká»· NguyÃªn - Tin tá»©c thá»i sá»± 24h, tin nhanh trong ngÃ y, tin tháº¿ giá»›i má»›i nháº¥t	daikynguyenvn.com
Home | Daily Mail Online	dailymail.co.uk
Ğ”ĞĞ¡Ğ¢Ğ£ĞŸ ĞĞ“Ğ ĞĞĞ˜Ğ§Ğ•Ğ	dailymotion.com
Daily Pakistan - Latest Urdu news and daily newspaper - Roznama Pakistan - Ø±ÙˆØ²Ù†Ø§Ù…Û Ù¾Ø§Ú©Ø³ØªØ§Ù†	dailypakistan.com.pk
Daum	daum.net
ĞšĞ¾Ğ¼Ğ¿ÑŒÑÑ‚ĞµÑ€Ñ‹, Ğ¿Ğ¾Ñ€Ñ‚Ğ°Ñ‚Ğ¸Ğ²Ğ½Ñ‹Ğµ ĞºĞ¾Ğ¼Ğ¿ÑŒÑÑ‚ĞµÑ€Ñ‹, Ğ¿Ñ€Ğ¸Ğ½Ñ‚ĞµÑ€Ñ‹, ÑĞµÑ€Ğ²ĞµÑ€Ñ‹ Ğ¸ Ğ´Ñ€ÑƒĞ³Ğ¾Ğµ Ğ¾Ğ±Ğ¾Ñ€ÑƒĞ´Ğ¾Ğ²Ğ°Ğ½Ğ¸Ğµâ€¦ | Dell Ğ Ğ¾ÑÑĞ¸Ñ	dell.com
DeviantArt - The Largest Online Art Gallery and Community	deviantart.com
DeviantArt: 404 Not Found	deviantart.net
dict.cc | WÃ¶rterbuch Englisch-Deutsch	dict.cc
Dictionary.com | Meanings and Definitions of Words at Dictionary.com	dictionary.com
Center for Digital Privacy	digitalprivacyalert.org
Dingit.tv: Watch Gaming & eSports Highlight Videos	dingit.tv
Discogs - Database and Marketplace for Music on Vinyl, CD, Cassette and More	discogs.com
Discover - Card Services, Banking & Loans	discover.com
Discord - Free Voice and Text Chat for Gamers	discordapp.com
­»´ä°Q½×°Ï Discuss.com.hk - ­»°Q¡D­»´ä No.1	discuss.com.hk
disq.us | Disqus	disq.us
Disqus â€“ The #1 way to build your audience	disqus.com
Ø¯ÛŒÙˆØ§Ø±  - Ù†ÛŒØ§Ø²Ù…Ù†Ø¯ÛŒâ€Œ Ù‡Ø§ÛŒ Ø±Ø§ÛŒÚ¯Ø§Ù†ØŒ Ø¢Ú¯Ù‡ÛŒâ€ŒÙ‡Ø§ÛŒ Ø®Ø±ÛŒØ¯ØŒ ÙØ±ÙˆØ´  Ù†Ùˆ Ùˆ Ø¯Ø³Øª Ø¯ÙˆÙ… Ùˆ Ú©Ø§Ø±Ú©Ø±Ø¯Ù‡ØŒ Ø§Ø³ØªØ®Ø¯Ø§Ù… Ùˆ Ø®Ø¯Ù…Ø§Øª	divar.ir
å¹´é½¢èªè¨¼ - DMM.R18	dmm.co.jp
DoubleClick - Digital Advertising Solutions	doubleclick.net
ë™ì•„ë‹·ì»´	donga.com
Log In	doublepimp.com
DoublePimp	doublepimpssl.com
DRIVE2.RU	drive2.ru
Drom.ru - Ğ°Ğ²Ñ‚Ğ¾Ğ¼Ğ¾Ğ±Ğ¸Ğ»ÑŒĞ½Ñ‹Ğ¹ Ğ¿Ğ¾Ñ€Ñ‚Ğ°Ğ»	drom.ru
Dropbox	dropbox.com
DRUDGE REPORT 2017Â®	drudgereport.com
¶«·½Íø	eastday.com
Watch TV Online, All for Free	easytelevisionaccessnow.com
eBay Kleinanzeigen | Kostenlos. Einfach. Lokal. Anzeigen gratis inserieren mit eBay Kleinanzeigen	ebay-kleinanzeigen.de
Electronics, Cars, Fashion, Collectibles, Coupons and More | eBay	ebay.co.uk
Electronics, Cars, Fashion, Collectibles, Coupons and More | eBay	ebay.com
Elektronik, Autos, Mode, SammlerstÃ¼cke, MÃ¶bel und mehr Online-Shopping | eBay	ebay.de
Produits Ã©lectroniques, Voitures, VÃªtements, Objets de collection, Bons d'achat et autres achats en ligne | eBay	ebay.fr
eBay | Tecnologia, moda, fai da te: prodotti nuovi a prezzo fisso	ebay.it
Electronics, Cars, Fashion, Collectibles, Coupons and More Online Shopping | eBay Untitled Document	ebay.in
Pearson eCollege	ecollege.com
Ecosia	ecosia.org
ekÅŸi sÃ¶zlÃ¼k - kutsal bilgi kaynaÄŸÄ±	eksisozluk.com
EL NACIONAL	el-nacional.com
ØµØ¯Ù‰ Ø§Ù„Ø¨Ù„Ø¯	elbalad.news
elevenia : Situs Belanja Online yang Bikin Hepi. Klik Cari Hepi	elevenia.co.id
Attention Required! | Cloudflare	elfagr.org
EL MUNDO - Diario online lÃ­der de informaciÃ³n en espaÃ±ol	elmundo.es
EL PAÃS: el periÃ³dico global	elpais.com
EngadgetEngadgetEngadgetsavesharesavesharesavesharesavesharesavesharesavesharesavesharesavesharesavesharesavesharesavesharesavesharesavesharesavesharesavesharesavesharesavesharesavesharesavesharesavesharesavesharesavesharesavesharesavesharesavesharesavesharesavesharesavesharesavesharesharesharesharesharesharesharesharesharesharesharesharesharesharesharesharesharesharesharesharesharesharesharesharesharesharesharesharesharesharesharesharesharesharesharesharesharesharesharesharesharesharesharesharesharesharesharesharesharesharesharesharesavesharesavesharesavesharesavesharesavesharesavesharesavesharesavesharesavesharesavesharesavesharesavesharesavesharesaveshareear iconeye icontext file	engadget.com
En Son Haber - Son Dakika Haberler	ensonhaber.com
å¤§çºªå…ƒæ–°é—»ç½‘ - æµ·å¤–æœ€å¤§ä¸­æ–‡åª’ä½“	epochtimes.com
EroAdvertising - Advertising and Publishing: Home	ero-advertising.com
Live cricket scores, commentary, match coverage | Cricket news, statistics | ESPN Cricinfo	espncricinfo.com
Etsy.com | Shop for anything from creative people everywhere	etsy.com
ETtodayæ±æ£®æ–°èé›² | æ¨‚åœ¨åˆ†äº«â€§æ„›ä¸Šé›²ç«¯	ettoday.net
EUROPA - European Union website, the official EU website	europa.eu
Eventbrite - Discover Great Events or Create Your Own & Sell Tickets	eventbrite.com
Capture whatâ€™s on your mind | Evernote	evernote.com
ExoClick | Leading Web & Mobile Ad Network	exoclick.com
Expedia Travel: Vacations, Cheap Flights, Airline Tickets & Airfares	expedia.com
Latest UK and World News, Sport and Comment | Daily Express	express.co.uk
ExtraTorrent.cc The World's Largest BitTorrent System	extra.to
ExtraTorrent.cc The World's Largest BitTorrent System	extratorrent.cc
ä¼Šè‰è¨è«–å€	eyny.com
Ğ”Ğ¾Ğ±Ñ€Ğ¾ Ğ¿Ğ¾Ğ¶Ğ°Ğ»Ğ¾Ğ²Ğ°Ñ‚ÑŒ Ğ½Ğ° Ğ¤ĞµĞ¹ÑĞ±ÑƒĞº - Ğ·Ğ°Ñ…Ğ¾Ğ´Ğ¸Ñ‚Ğµ, Ñ€ĞµĞ³Ğ¸ÑÑ‚Ñ€Ğ¸Ñ€ÑƒĞ¹Ñ‚ĞµÑÑŒ Ğ¸ Ğ½Ğ°Ñ…Ğ¾Ğ´Ğ¸Ñ‚Ğµ Ğ´Ñ€ÑƒĞ·ĞµĞ¹.	facebook.com
FaithTap: Home	faithtap.com
Î‘Î¡Î§Î™ÎšÎ— - Fanpage	fanpage.gr
Fatos Desconhecidos - Curiosidades, tecnologia, histÃ³ria e a oportunidade de explorar o mundo sem sair do seu sofÃ¡	fatosdesconhecidos.com.br
Ğ”Ğ¾Ğ±Ñ€Ğ¾ Ğ¿Ğ¾Ğ¶Ğ°Ğ»Ğ¾Ğ²Ğ°Ñ‚ÑŒ Ğ½Ğ° Ğ¤ĞµĞ¹ÑĞ±ÑƒĞº - Ğ·Ğ°Ñ…Ğ¾Ğ´Ğ¸Ñ‚Ğµ, Ñ€ĞµĞ³Ğ¸ÑÑ‚Ñ€Ğ¸Ñ€ÑƒĞ¹Ñ‚ĞµÑÑŒ Ğ¸ Ğ½Ğ°Ñ…Ğ¾Ğ´Ğ¸Ñ‚Ğµ Ğ´Ñ€ÑƒĞ·ĞµĞ¹.	fbcdn.net
Not Found	fbsbx.com
FC2 -ç„¡æ–™ãƒ–ãƒ­ã‚° ç„¡æ–™å‹•ç”» ç„¡æ–™ãƒ›ãƒ¼ãƒ ãƒšãƒ¼ã‚¸ ãƒ¬ãƒ³ã‚¿ãƒ«ã‚µãƒ¼ãƒãƒ¼ ç„¡æ–™ã‚¢ã‚¯ã‚»ã‚¹è§£æ SEOå¯¾ç­–ãƒ„ãƒ¼ãƒ«ãªã©-	fc2.com
Feedly. Read more, know more.	feedly.com
Fidelity International Usage Agreement	fidelity.com
FileHippo.com - Download Free Software	filehippo.com
WordPress.com: ÑĞ¾Ğ·Ğ´Ğ°Ğ¹Ñ‚Ğµ Ğ±ĞµÑĞ¿Ğ»Ğ°Ñ‚Ğ½Ñ‹Ğ¹ Ğ²ĞµĞ±-ÑĞ°Ğ¹Ñ‚ Ğ¸Ğ»Ğ¸ Ğ±Ğ»Ğ¾Ğ³controls	files.wordpress.com
Find your inspiration. | Flickrnew icn messageflickr-free-ic3d pan white	flickr.com
Online Shopping Site for Mobiles, Fashion, Books, Electronics, Home Appliances and More | Flipkart Big 10 Sale	flipkart.com
Flirt4Free - Live Free Girls on Adult Webcams and Chat	flirt4free.com
Fox News - Breaking News Updates | Latest News Headlines | Photos & News Videos	foxnews.com
	forbes.com
Freebox, lâ€™originale : offre Internet TrÃ¨s Haut dÃ©bit, TÃ©lÃ©phone, TV.	free.fr
FreeJobAlert.Com : Free job alerts  Government, Bank Jobs and All	freejobalert.com
Free vectors, photos and PSD Downloads | Freepik	freepik.com
FRIV.COM - The Best Free Online Games! [Jogos | Juegos]	friv.com
GameFAQs - Video Game Cheats, Reviews, FAQs, Message Boards, and More	gamefaqs.com
å·´å“ˆå§†ç‰¹é›»ç©è³‡è¨Šç«™	gamer.com.tw
Gazeta.pl - Polska i Å›wiat - wiadomoÅ›ci | informacje | wydarzenia	gazeta.pl
Lajmi i Fundit - GazetaExpress	gazetaexpress.com
La Gazzetta dello Sport - News in tempo reale di Calcio, Calciomercato, Basket, NBA, F1 e MotoGp	gazzetta.it
GearBest.com - The Best Gear, Gadgets and Novelties	gearbest.com
Genius Song Lyrics & Knowledge	genius.com
GIPHY | Search All the GIFs & Make Your Own Animated GIF	giphy.com
Gfycat | Create, discover and share awesome GIFs	gfycat.com
The world's leading software development platform Â· GitHubteamssecurity-adminintegrationsopen-sourcehome-illo-community	github.com
GitHub Pages | Websites for you and your projects, hosted directly from your GitHub repository. Just edit, push, and your changes are live.	github.io
Gizmodo - We come from the future.	gizmodo.com
Glassdoor Job Search | Find the job that fits your life	glassdoor.com
globo.com - Absolutamente tudo sobre notÃ­cias, esportes e entretenimento
                    
                
            globo.comGroup 2maisgsatplay brancomaisgsatplaymultishow-gsatplayArtboard Copy 3Artboard Copy 2	globo.com
Gë§ˆì¼“ - ì‡¼í•‘ì„ ë‹¤ ë‹´ë‹¤.	gmarket.co.kr
503 Service Unavailable	gmw.cn
Go.com | The Walt Disney Company	go.com
	go2cloud.org
Goal.com	goal.com
Just a moment...	gogoanime.io
GoDaddy: Ñ…Ğ¾ÑÑ‚Ğ¸Ğ½Ğ³, Ñ€ĞµĞ³Ğ¸ÑÑ‚Ñ€Ğ°Ñ†Ğ¸Ñ Ğ´Ğ¾Ğ¼ĞµĞ½Ğ½Ñ‹Ñ… Ğ¸Ğ¼ĞµĞ½ Ğ¸ Ğ²ĞµĞ±-ÑĞ°Ğ¹Ñ‚Ğ¾Ğ²	godaddy.com
Watch Movies Online Free on GoMovies - 123movies.to	gomovies.to
Google URL Shortener	goo.gl
Share Book Recommendations With Your Friends, Join Book Clubs, Answer Trivia	goodreads.com
Google	google.at
Google	google.ae
Google	google.be
Google	google.bg
Google	google.by
Google	google.ca
Google	google.ch
Google	google.cl
Google	google.cn
Google	google.co.id
Google	google.co.il
Google	google.co.in
Google	google.co.kr
Google	google.co.nz
Google	google.co.th
Google	google.co.uk
Google	google.co.ve
Google	google.co.za
Google	google.com
Google	google.com.af
Google	google.com.ar
Google	google.com.au
Google	google.com.br
Google	google.com.ec
Google	google.com.eg
Google	google.com.do
Google	google.com.gt
Google	google.com.hk
Google	google.com.kw
Google	google.com.mm
Google	google.com.my
Google	google.com.ng
Google	google.com.pk
Google	google.com.sg
Google	google.com.ph
Google	google.com.sa
Google	google.com.tr
Google	google.com.tw
Google	google.com.ua
Google	google.com.vn
Google	google.cz
Google	google.de
Google	google.dk
Google	google.dz
Google	google.es
Google	google.fi
Google	google.fr
Google	google.gr
Google	google.hr
Google	google.iq
Google	google.ie
Google	google.hu
Google	google.it
Google	google.kz
Google	google.lk
Google	google.lt
Google	google.nl
Google	google.no
Google	google.pt
Google	google.ro
Google	google.rs
Google	google.ru
Google	google.si
Google	google.sk
Google	google.tn
Ğ”ĞĞ¡Ğ¢Ğ£ĞŸ ĞĞ“Ğ ĞĞĞ˜Ğ§Ğ•Ğ	gotporn.com
Free Grammar Checker - Grammarly	grammarly.com
Groupon: Deals and Coupons for Restaurants, Fitness, Travel, Shopping, Beauty, and more.Groupon	groupon.com
GSMArena.com - GSM phone reviews, news, opinions, votes, manuals and more...	gsmarena.com
Gutefrage - die grÃ¶ÃŸte deutschsprachige Frage-Antwort-Plattform	gutefrage.net
Gyazo - Welcome to Gyazo: The Easiest Way to Capture Your Screen	gyazo.com
Haber7 - Haber - Haberler - Son Dakika Haberleri	haber7.com
hao123_ä¸Šç½‘ä»è¿™é‡Œå¼€å§‹	hao123.com
Harvard University	harvard.edu
ã¯ã¦ãªãƒ–ãƒ­ã‚°	hatenablog.com
ã¯ã¦ãª	hatena.ne.jp
Ğ”ĞĞ¡Ğ¢Ğ£ĞŸ ĞĞ“Ğ ĞĞĞ˜Ğ§Ğ•Ğ	hclips.com
HDFC Bank: Personal Banking Services	hdfcbank.com
Ğ”ĞĞ¡Ğ¢Ğ£ĞŸ ĞĞ“Ğ ĞĞĞ˜Ğ§Ğ•Ğ	hdzog.com
HearthPwn - Hearthstone Database, Deck Builder, News, and more!	hearthpwn.com
HillTopAds.com	hilltopads.net
	histock.info
Hespress - Ù‡Ø³Ø¨Ø±ÙŠØ³ Ø¬Ø±ÙŠØ¯Ø© Ø¥Ù„ÙƒØªØ±ÙˆÙ†ÙŠØ© Ù…ØºØ±Ø¨ÙŠØ©	hespress.com
H&M offers fashion and quality at the best price	hm.com
HOLA.com, diario de actualidad, moda y belleza	hola.com
Social Media Marketing & Management Dashboard - HootsuiteFacebookTwitterYoutubeGoogle+LinkedInInstagramFind Hootsuite on TwitterFind Hootsuite on FacebookFind Hootsuite on Google+Find Hootsuite on LinkedInFind Hootsuite on YoutubeFind Hootsuite on Instagram	hootsuite.com
Hotels.com - Ğ±Ñ€Ğ¾Ğ½Ğ¸Ñ€Ğ¾Ğ²Ğ°Ğ½Ğ¸Ğµ Ğ¾Ñ‚ĞµĞ»ĞµĞ¹ Ğ¸ Ğ½Ğ¾Ğ¼ĞµÑ€Ğ¾Ğ² Ğ² Ğ³Ğ¾ÑÑ‚Ğ¸Ğ½Ğ¸Ñ†Ğ°Ñ… Ğ¿Ğ¾ Ğ²ÑĞµĞ¼Ñƒ Ğ¼Ğ¸Ñ€Ñƒ	hotels.com
	hotmovs.com
How-To Geek - For Geeks, By Geeks.	howtogeek.com
href.li: hide your referrer	href.li
èŠ±ç“£ç½‘_é™ªä½ åšç”Ÿæ´»çš„è®¾è®¡å¸ˆï¼ˆå‘ç°ã€é‡‡é›†ä½ å–œæ¬¢çš„çµæ„Ÿã€å®¶å±…ã€ç©¿æ­ã€å©šç¤¼ã€ç¾é£Ÿã€æ—…è¡Œã€ç¾å›¾ã€å•†å“ç­‰ï¼‰	huaban.com
ç¯çƒç½‘_å…¨çƒç”Ÿæ´»æ–°é—¨æˆ·_ç¯çƒæ—¶æŠ¥æ——ä¸‹ç½‘ç«™	huanqiu.com
HubSpot | Inbound Marketing & Sales Software	hubspot.com
HuffPost	huffingtonpost.com
Humble tinyBuild Bundle (pay what you want and help charity)	humblebundle.com
HÃ¼rriyet - Haberler, Son Dakika Haberleri ve GÃ¼ncel Haber	hurriyet.com.tr
iCloud	icloud.com
iDNES.cz â€“ s nÃ¡mi vÃ­te vÃ­c	idnes.cz
IGN Russia	ign.com
Welcome to OpenResty!	ijquery11.com
IKEA.com â€“ International homepage â€“ IKEA	ikea.com
IMDb - Movies, TV and Celebrities - IMDb	imdb.com
Imgur: The most awesome images on the Internet	imgur.com
Job Search | Indeed	indeed.com
The Independent | News | UK and Worldwide News | Newspaper	independent.co.uk
Trending stories on Indian Lifestyle, Culture, Relationships, Food, Travel, Entertainment, News & New Technology News - Indiatimes.com	indiatimes.com
Small Business CRM, Sales & Marketing Software | Infusionsoft
Infusionsoft Logo

Infusionsoft Cornerstone

light-bulb
New Lead
                          icon-conversion-rate
                        
                          icon-ecommerce
                        
                          icon-sales-process
                        
                          icon-save-time
                        
                  icon-users
                
                  icon-emails-delivered
                
                  icon-crm
                
                  icon-payments
                
                  icon-campaigns
                logo-inc
    logo-entrepreneur
  logo-forbeslogo-fortune
    Infusionsoft Logo	infusionsoft.com
INQUIRER.net | Philippine news for Filipinos	inquirer.net
Instagram	instagram.com
Instructure | Learning + Tech = Awesome	instructure.com
Interia - Polska i Å›wiat: informacje, sport, gwiazdy.	interia.pl
Internet Download Manager: the fastest download accelerator	internetdownloadmanager.com
Intuit - Small Business, Personal Finance and Tax Software	intuit.com
Investing.com - Stock Market Quotes & Financial News	investing.com
IPLT20.com - Indian Premier League Official Website	iplt20.com
çˆ±å¥‡è‰º-å…¨çƒé¢†å…ˆçš„åœ¨çº¿è§†é¢‘ç½‘ç«™-æµ·é‡æ­£ç‰ˆé«˜æ¸…è§†é¢‘åœ¨çº¿è§‚çœ‹	iqiyi.com
IRCTC Next Generation eTicketing System	irctc.co.in
Internal Revenue Service	irs.gov
Ğ”ĞĞ¡Ğ¢Ğ£ĞŸ ĞĞ“Ğ ĞĞĞ˜Ğ§Ğ•Ğ	issuu.com
TF	iwanttodeliver.com
Forbidden	japanpost.jp
äº¬ä¸œ(JD.COM)-æ­£å“ä½ä»·ã€å“è´¨ä¿éšœã€é…é€åŠæ—¶ã€è½»æ¾è´­ç‰©ï¼	jd.com
JEUXVIDEO.COM - La RÃ©fÃ©rence des Jeux VidÃ©o sur PC et Consoles !	jeuxvideo.com
ç®€ä¹¦ - åˆ›ä½œä½ çš„åˆ›ä½œ	jianshu.com
Website Builder: Create a Free Website - JimdoCreate a free website with Jimdo!	jimdo.com
é‡‘èç•Œâ€•æŠ•èµ„è€…é¦–é€‰è´¢ç»é‡‘èé—¨æˆ·ç½‘ç«™ï¼Œä»¥è¯åˆ¸äº¤æ˜“ä¸ºæ ¸å¿ƒçš„äº’è”ç½‘ç»¼åˆç†è´¢å¹³å°	jrj.com.cn
	junbi-tracker.com
Ğ”ĞĞ¡Ğ¢Ğ£ĞŸ ĞĞ“Ğ ĞĞĞ˜Ğ§Ğ•Ğ	jw.org
Î´À´Íø	k618.cn
‰¿Ši.com - u”ƒ‚Á‚Ä‚æ‚©‚Á‚½v‚ğ‚·‚×‚Ä‚Ì‚Ğ‚Æ‚ÉB	kakaku.com
Kalau Bukan Sekarang, Kapan Lagi? - KapanLagi.com	kapanlagi.com
ĞŸĞ¾Ğ¸ÑĞº Ğ°Ğ²Ğ¸Ğ°Ğ±Ğ¸Ğ»ĞµÑ‚Ğ¾Ğ², Ğ¾Ñ‚ĞµĞ»ĞµĞ¹ Ğ¸ Ğ¿ÑƒĞ½ĞºÑ‚Ğ¾Ğ² Ğ°Ñ€ĞµĞ½Ğ´Ñ‹ Ğ°Ğ²Ñ‚Ğ¾ | KAYAKCloseCloseClose	kayak.com
Khan Academy | Free Online Courses, Lessons & Practice	khanacademy.org
KASKUS - Forum Diskusi Terbesar & Jual Beli Paling Murah | KASKUS	kaskus.co.id
Kickstarter
Line iconalert iconapplepay iconarrow-down iconarrow-left iconarrow-point-left iconarrow-point-right iconarrow-right iconarrow-up-right iconbanner iconbar-chart iconbell iconbook iconbookmark iconbrand-assets iconcart iconchat iconcheck iconcircle-back iconcircle-forward iconcircle-k iconcircle-left iconcircle-right iconclipboard iconclock iconclose iconclosed-caption iconcompass iconconversion icondelta-down icondelta-left icondelta-right icondelta-up iconduplicate iconembed iconeye iconfacebook-contained iconfacebook iconflag icongear iconglobal-africa iconglobal-america iconglobal-asia icongraph-bar icongraph-line iconheart iconhelp iconhuman iconinfo iconinstagram iconkickstarter iconleaf iconlightbulb iconlink iconloading-spin iconlock iconmail iconmap-pin iconmenu iconmessage iconmobile iconpause iconpencil iconpin iconpinterest iconplay iconplus-human iconplus iconquestion iconsearch iconshare iconsolid-arrow iconsound-hi iconsound-lo iconsound-mute iconstar iconstopwatch iconthumbs-up icontools icontrash icontumblr icontwitter iconuser iconvolume-up iconwarning iconwrite iconx iconyoutube icon	kickstarter.com
Ñìîòğåòü êèíî ôèëüìû îíëàéí áåñïëàòíî, ôèëüìû 2012 â õîğîøåì êà÷åñòâå íà KinoGo.Net	kinogo.club
Kijiji: Free Classifieds in Canada. Find a job, buy a car, find a house or apartment, furniture, appliances and more!KijijiKijijiFind what you are looking for	kijiji.ca
ĞšĞ¸Ğ½Ğ¾ĞŸĞ¾Ğ¸ÑĞº â€” Ğ’ÑĞµ Ñ„Ğ¸Ğ»ÑŒĞ¼Ñ‹ Ğ¿Ğ»Ğ°Ğ½ĞµÑ‚Ñ‹	kinopoisk.ru
Ğ¤Ğ¸Ğ»ÑŒĞ¼Ñ‹ Ğ¾Ğ½Ğ»Ğ°Ğ¹Ğ½, ÑĞ¼Ğ¾Ñ‚Ñ€ĞµÑ‚ÑŒ ĞšĞ¸Ğ½Ğ¾ Ğ±ĞµÑĞ¿Ğ»Ğ°Ñ‚Ğ½Ğ¾ - ĞšĞ¸Ğ½Ğ¾ĞŸÑ€Ğ¾Ñ„Ğ¸	kinoprofi.org
Please wait 5 seconds...	kissanime.ru
Please wait 5 seconds...	kissasian.com
KÄ±zlar, Erkekler ve Ä°liÅŸkileri - KizlarSoruyor	kizlarsoruyor.com
Jernih Melihat Dunia | Berita terkini, akurat, tepercaya - Kompas.com	kompas.com
Kotaku - The Gamer's Guide	kotaku.com
ÙƒÙˆÙˆÙˆØ±Ø©: Ø§Ù„Ù…ÙˆÙ‚Ø¹ Ø§Ù„Ø¹Ø±Ø¨ÙŠ Ø§Ù„Ø±ÙŠØ§Ø¶ÙŠ Ø§Ù„Ø£ÙˆÙ„	kooora.com
Attention Required! | Cloudflare	lapatilla.com
Los Angeles Times - California, national and world news - Los Angeles Times	latimes.com
Homepage	launchpage.org
Lazada.co.id: Belanja Online Fashion, Elektronik, TV, Tas, HP, Laptop	lazada.co.id
Online Shopping in Philippines at Great Prices | Lazada.com.ph	lazada.com.ph
mobusi -  Technology Media company - Monetize your app or mobile web with us	leadzupc.com
leboncoin, site de petites annonces gratuites	leboncoin.fr
Le Figaro - ActualitÃ© en direct et informations en continu	lefigaro.fr
Le Monde.fr - ActualitÃ©s et Infos en France et dans le monde	lemonde.fr
403 - Forbidden	lenovo.com
Libero - Mail, Ricerca e tanto altro	libero.it
LIFEç”Ÿæ´»ç¶²	life.tw
LifeBuzz	lifebuzz.com
Lifehacker - Tips, tricks and downloads for getting things done	lifehacker.com
Liftable.com - Lift The Best, Leave The Rest	liftable.com
Attention Required! | Cloudflare	likemag.com
Ğ”ĞĞ¡Ğ¢Ğ£ĞŸ ĞĞ“Ğ ĞĞĞ˜Ğ§Ğ•Ğ	line.me
Ğ”ĞĞ¡Ğ¢Ğ£ĞŸ ĞĞ“Ğ ĞĞĞ˜Ğ§Ğ•Ğ	linkedin.com
LinkShrink.net - Earn money sharing shrinked links!	linkshrink.net
Berita Hari Ini, Kabar Harian Terbaru Terkini - Liputan6.com	liputan6.com
å¤©çŒ«tmall.com--ä¸Šå¤©çŒ«ï¼Œå°±å¤Ÿäº†	list.tmall.com
Sign In	live.com
livedoor	livedoor.com
403 Forbidden	liveadexchanger.com
LiveJasmin â€“ Ğ¡ĞµĞºÑ-ÑˆĞ¾Ñƒ Ğ½Ğ° ĞºĞ°Ğ¼ĞµÑ€Ñƒ ĞĞ½Ğ»Ğ°Ğ¹Ğ½: Ğ‘Ğ•Ğ¡ĞŸĞ›ĞĞ¢ĞĞ«Ğ™ Ñ‡Ğ°Ñ‚ Ñ Ğ’ĞµĞ±ĞºĞ°Ğ¼ ĞœĞ¾Ğ´ĞµĞ»ÑĞ¼Ğ¸	livejasmin.com
Ğ“Ğ»Ğ°Ğ²Ğ½Ğ¾Ğµ â€” Ğ–Ğ¸Ğ²Ğ¾Ğ¹ Ğ–ÑƒÑ€Ğ½Ğ°Ğ»	livejournal.com
LiveScore Soccer : Live Soccer Scores by LiveScore.com	livescore.com
LIVESTRONG.COM - Lose Weight & Get Fit with Diet, Nutrition & Fitness Tools | LIVESTRONG.COM	livestrong.com
Nonton Film Streaming Movie Layarkaca21 Lk21 Bioskop Cinema 21 Box Office Subtitle Indonesia Gratis Online Download - Lk21 Layarkaca21	lk21.me
Access Denied	lowes.com
www.lun.com - Diario Las Ultimas Noticias	lun.com
Mail.Ru: Ğ¿Ğ¾Ñ‡Ñ‚Ğ°, Ğ¿Ğ¾Ğ¸ÑĞº Ğ² Ğ¸Ğ½Ñ‚ĞµÑ€Ğ½ĞµÑ‚Ğµ, Ğ½Ğ¾Ğ²Ğ¾ÑÑ‚Ğ¸, Ğ¸Ğ³Ñ€Ñ‹	mail.ru
Marketing Automation - Sell More Stuff | MailChimpSearchMenuCloseFacebookTwitterInstagramLinkedInYouTube	mailchimp.com
MakeMyTrip, India's No 1 Travel Site | Book Hotels, Flights, Holiday Packages & Bus Tickets	makemytrip.com
å¦ˆå¦ˆç½‘_å®˜æ–¹ç½‘ç«™_æ€€å­•ã€è‚²å„¿ç­‰çŸ¥è¯†äº¤æµå¹³å°_ä¸­å›½å¦ˆå¦ˆç¬¬ä¸€é—¨æˆ·ç½‘ç«™	mama.cn
Manga Fox - Read Manga Online for Free!	mangafox.me
MARCA - Diario online lÃ­der en informaciÃ³n deportiva	marca.com
Mashable	mashable.com
MathWorks - Makers of MATLAB and Simulink	mathworks.com
Ù…ÙˆØ¶ÙˆØ¹ØŒ Ø£ÙƒØ¨Ø± Ù…ÙˆÙ‚Ø¹ Ø¹Ø±Ø¨ÙŠ Ø¨Ø§Ù„Ø¹Ø§Ù„Ù…	mawdoo3.com
	media.tumblr.com
Medium â€“ Read, write and share stories that matter	medium.com
	mediawhirl.net
We are what we do | Meetupaddressalign-toparrow-leftarrow-rightbackbellblockcalendarcameraccwcheckchevron-downchevron-leftchevron-rightchevron-small-downchevron-small-leftchevron-small-rightchevron-small-upchevron-upcircle-with-checkcircle-with-crosscircle-with-pluscrossdots-three-verticaleditemptyheartexporteye-with-lineeyefacebookfolderfullheartglobegmailgooglegroupshelp-with-circleimageimagesinstagramFill 1linklocation-pinm-swarmSearchmailmessagesminusmoremuplabelShape 3 + Rectangle 1ShapeoutlookpersonJoin Group on CardStartprice-ribbonShapeShapeShapeShapeImported LayersImported LayersImported Layersshieldstartickettrashtriangle-downtriangle-uptwitteruserwarningyahoo	meetup.com
Mercado Libre MÃ©xico #DerribandoMuros	mercadolibre.com.mx
MEGA	mega.nz
Mercado Libre Venezuela - Donde comprar y vender de todo	mercadolibre.com.ve
Dictionary: Search the Merriam-Webster dictionary first. Here's why...	merriam-webster.com
Mercado Livre Brasil	mercadolivre.com.br
merdeka.com: Let's be smart.	merdeka.com
Messenger	messenger.com
MetrÃ³poles | O seu portal de notÃ­cias	metropoles.com
Microsoft â€“ Ğ¾Ñ„Ğ¸Ñ†Ğ¸Ğ°Ğ»ÑŒĞ½Ğ°Ñ ÑÑ‚Ñ€Ğ°Ğ½Ğ¸Ñ†Ğ°	microsoft.com
Sign in to your account	microsoftonline.com
MÄ°LLÄ°YET HABER - TÃœRKÄ°YE'NÄ°N HABER SÄ°TESÄ°	milliyet.com.tr
403 Forbidden	mirror.co.uk
The Official Site of Major League Baseball | MLB.comGlobe iconLogin iconRecap iconSearch iconTickets icon	mlb.com
Google	mlvc4zzw.space
mobile.de â€“ Gebrauchtwagen und Neuwagen â€“ Deutschlands grÃ¶ÃŸter Fahrzeugmarkt	mobile.de
Mobile01	mobile01.com
Stock/Share Market Investing - Live BSE/NSE, India Stock Market Recommendations and Tips, Live Stock Markets, Sensex/Nifty, Commodity Market, Investment Portfolio, Financial News, Mutual Funds	moneycontrol.com
Ğ”ĞĞ¡Ğ¢Ğ£ĞŸ ĞĞ“Ğ ĞĞĞ˜Ğ§Ğ•Ğ	motherless.com
Internet for people, not profit
 â€” MozillaMenuClose	mozilla.org
MY-HIT ÑĞ½Ñ†Ğ¸ĞºĞ»Ğ¾Ğ¿ĞµĞ´Ğ¸Ñ ĞºĞ¸Ğ½Ğ¾ | Ğ¤Ğ¸Ğ»ÑŒĞ¼Ñ‹ Ğ¾Ğ½Ğ»Ğ°Ğ¹Ğ½, ÑĞºĞ°Ñ‡Ğ°Ñ‚ÑŒ Ğ±ĞµÑĞ¿Ğ»Ğ°Ñ‚Ğ½Ğ¾	my-hit.org
ĞĞ¾Ğ²Ğ¾ÑÑ‚Ğ¸, Ñ„Ğ¾Ñ‚Ğ¾, Skype, Outlook Ğ¸ Hotmail - Ğ½Ğ° MSN Ğ Ğ¾ÑÑĞ¸Ñ	msn.com
MyAnimeList.net - Anime and Manga Database and Community	myanimelist.net
Myanmarload	myanmarload.com
ã€Œãƒã‚¤ãƒŠãƒ“ã€ä¼æ¥­ã‚µã‚¤ãƒˆã¸ã‚ˆã†ã“ã	mynavi.jp
Free Calorie Counter, Diet & Exercise Journal | MyFitnessPal.com	myfitnesspal.com
403 Forbidden	mysagagame.com
Watch Series Online for free, Full episodes - Watch Series - Watch Series	mywatchseries.to
MyWay	myway.com
Nametests.com	nametests.com
403 Forbidden	nanoadexchange.com
NASA	nasa.gov
Nature Research: science journals, jobs, information and services.	nature.com
417 Expectation Failed	naukri.com
NAVER	naver.com
NBC News - Breaking News & Top Stories - Latest World, US & Local News	nbcnews.com
NDTV: Latest News, India News, Breaking News, Business, Bollywood, Cricket, Videos & Photos	ndtv.com
ĞĞ‘Ğ - Sports.ruĞ—Ğ°Ğ³Ñ€ÑƒĞ·Ğ¸Ñ‚ÑŒ Ñ„Ğ¾Ñ‚Ğ¾Ğ³Ñ€Ğ°Ñ„Ğ¸ÑĞÑ‡Ğ¸ÑÑ‚Ğ¸Ñ‚ÑŒĞ˜ÑĞºĞ°Ñ‚ÑŒ	nba.com
Netflix Russia - Watch TV Shows Online, Watch Movies Online	netflix.com
Computer Parts, Laptops, Electronics, and More - Newegg.com	newegg.com
Browser not supported	newtabtv.com
	nextlnk13.com
niconico	nicovideo.jp
NFL.com - Official Site of the National Football League	nfl.com
National Institutes of Health (NIH) | Turning Discovery Into Health	nih.gov
nikkei BPnet ã€ˆæ—¥çµŒBPãƒãƒƒãƒˆã€‰ï¼šãƒ—ãƒ­ãƒ•ã‚§ãƒƒã‚·ãƒ§ãƒŠãƒ«ã®ãŸã‚ã®ãƒ“ã‚¸ãƒã‚¹ã‚­ãƒ¥ãƒ¬ãƒ¼ã‚·ãƒ§ãƒ³ã‚µã‚¤ãƒˆ	nikkeibp.co.jp
Access Denied	nordstrom.com
NPR : National Public Radio : News & Analysis, World, US, Music & Arts : NPR	npr.org
NTD.TV	ntd.tv
New York Post	nypost.com
ĞĞ¾Ğ²Ğ¾ÑÑ‚Ğ¸ ĞšĞ°Ğ·Ğ°Ñ…ÑÑ‚Ğ°Ğ½Ğ° Ğ½Ğ° ÑĞµĞ³Ğ¾Ğ´Ğ½Ñ. ĞŸĞ¾ÑĞ»ĞµĞ´Ğ½Ğ¸Ğµ ÑĞ²ĞµĞ¶Ğ¸Ğµ Ğ½Ğ¾Ğ²Ğ¾ÑÑ‚Ğ¸.	nur.kz
The New York Times - Breaking News, World News & Multimedia	nytimes.com
Microsoft Office HomeExpand or CollapseExpand or CollapseExpandExpandCollapseCollapseExpandExpandCollapseCollapseExpandExpandCollapseCollapseExpandExpandCollapseCollapseExpandExpandCollapseCollapseExpandExpandCollapseCollapseMicrosoftMicrosoft	office.com
OK.RU	ok.ru
Okezone | Berita Terbaru | Berita Hari Ini | Berita Online	okezone.com
Okta | Always On	okta.com
Access Denied	olx.com.br
Ğ”Ğ¾ÑĞºĞ° Ğ¾Ğ±ÑŠÑĞ²Ğ»ĞµĞ½Ğ¸Ğ¹ OLX, Ñ€Ğ°Ğ½ÑŒÑˆĞµ Slando: ÑĞ°Ğ¹Ñ‚ Ñ‡Ğ°ÑÑ‚Ğ½Ñ‹Ñ… Ğ¾Ğ±ÑŠÑĞ²Ğ»ĞµĞ½Ğ¸Ğ¹ Ğ² Ğ£ĞºÑ€Ğ°Ğ¸Ğ½Ğµ - ĞºÑƒĞ¿Ğ»Ñ/Ğ¿Ñ€Ğ¾Ğ´Ğ°Ğ¶Ğ° Ğ±/Ñƒ Ñ‚Ğ¾Ğ²Ğ°Ñ€Ğ¾Ğ² Ğ½Ğ° OLX.ua	olx.ua
OgÅ‚oszenia - Sprzedam, kupiÄ™ na OLX.pl	olx.pl
Onedio - Sosyal Ä°Ã§erik Platformu	onedio.com
	onclkds.com
403 Forbidden	onclickpredictiv.com
openload | share free without limits	openload.co
Onet.pl	onet.pl
HD Video Converter, YouTube Downloader - OnlineVideoConverter.com	onlinevideoconverter.com
Orange : téléphones, forfaits, Internet, actualité, sport, video	orange.fr
	oschina.net
Subtitles - download movie and TV Series subtitles from the biggest open subtitles database	opensubtitles.org
OtakuKart - Anime, Gaming, Comics & TV Shows Reviews - OtakuKart	otakukart.com
Annonces Algerie - vente et achat - Ouedkniss.com	ouedkniss.com
ouo.io	ouo.io
Content Discovery and Marketing Platform | Outbrain.com	outbrain.com
Pairade	pairade.com
Pandora Internet Radio	pandora.com
Pantip - Learn, Share & Fun	pantip.com
æ‚¨æŸ¥çœ‹çš„é¡µé¢æ‰¾ä¸åˆ°äº†!-ä¸Šå¤©çŒ«ï¼Œå°±å¤Ÿäº†	pages.tmall.com
Patch - Everything Local: Breaking News, Events, Discussions	patch.com
Online recharge | mobile recharge for prepaid & pay postpaid bill@Paytm.com	paytm.com
Best way for artists and creators to get sustainable income and connect with fans | Patreon	patreon.com
403 Forbidden	performanceadexchange.com
PHP: Hypertext Preprocessor	php.net
Ğ“Ğ¾Ñ€ÑÑ‡ĞµĞµ	pikabu.ru
Free Images - Pixabay	pixabay.com
Pinterest â€¢ The worldâ€™s catalog of ideasfacebook	pinimg.com
Pinterest â€¢ The worldâ€™s catalog of ideasfacebook	pinterest.com
MMO games online for free | Plarium.com â€“ Official site	plarium.com
PopCash.Net - The Popunder Network	popcash.net
PopMyAds | Popunder Adnetwork	popmyads.com
Poptm - Increase your revenue by 30% with Poptm	poptm.com
Free Porn Videos! PORN.COM, XXX Porno Tube! HD, Mobile, VR Sex!	porn.com
Free Porn Tube, Sex Videos & XXX Porno Movies ~ porn555.com	porn555.com
InÃ­cio - Portal Interesante	portalinteressante.com
Premier League Football News, Fixtures, Scores & Results	premierleague.com
Google	prestoris.com
Presentation Software | Online Presentation Tools | Prezi	prezi.com
Lightshot â€” screenshot tool for Mac & Win	prnt.sc
Get Latest Bangla News Online from The Daily Prothom Alo	prothom-alo.com
Providr.com - home	providr.com
Penn State-A Public Research University Serving Pennsylvania and the Global Community	psu.edu
Pornwave	prpops.com
403 Forbidden	pulseonclick.com
PussySaga	pussysaga.com
Error 404 Not Found	pwwysydh.com
Welcome to Python.org	python.org
Qiita - ãƒ—ãƒ­ã‚°ãƒ©ãƒã®æŠ€è¡“æƒ…å ±å…±æœ‰ã‚µãƒ¼ãƒ“ã‚¹	qiita.com
Qool Quizlogo-luck383107F1-17FE-4971-9AA3-1D7B8470A907AA4B8F99-815E-4871-8A39-0969F5C89F75logo-luck	qoolquiz.com
	quizlet.com
	queryrouter.com
Quora - A place to share knowledge and better understand the world.	quora.com
ã€æ¥½å¤©å¸‚å ´ã€‘Shopping is Entertainment! ï¼š ã‚¤ãƒ³ã‚¿ãƒ¼ãƒãƒƒãƒˆæœ€å¤§ç´šã®é€šä¿¡è²©å£²ã€é€šè²©ã‚ªãƒ³ãƒ©ã‚¤ãƒ³ã‚·ãƒ§ãƒƒãƒ”ãƒ³ã‚°ã‚³ãƒŸãƒ¥ãƒ‹ãƒ†ã‚£	rakuten.co.jp
Ğ Ğ°Ğ¼Ğ±Ğ»ĞµÑ€ - Ğ¼ĞµĞ´Ğ¸Ğ¹Ğ½Ñ‹Ğ¹ Ğ¿Ğ¾Ñ€Ñ‚Ğ°Ğ»	rambler.ru
Rapidgator.net: Fast, safe and secure file hosting	rapidgator.net
RARBG Rarbg Index page	rarbg.to
Ğ Ğ‘Ğš â€” Ğ½Ğ¾Ğ²Ğ¾ÑÑ‚Ğ¸, Ğ°ĞºÑ†Ğ¸Ğ¸, ĞºÑƒÑ€ÑÑ‹ Ğ²Ğ°Ğ»ÑÑ‚, Ğ´Ğ¾Ğ»Ğ»Ğ°Ñ€, ĞµĞ²Ñ€Ğ¾	rbc.ru
Find Real Estate, Homes for Sale, Apartments & Houses for Rent - realtor.comÂ®	realtor.com
reddit: the front page of the internet	redd.it
reddit: the front page of the internet	reddit.com
	rednet.cn
Free Porn Sex Videos - Redtube - XXX Movies - Home of Videos Porno	redtube.com
Online Computer Repair | Reimage PC Repair | Windows Repair | Reimageplus.com	reimageplus.com
RePelis | Peliculas Online Gratis Sin Cortes	repelis.tv
La Repubblica.it - News in tempo reale - Le notizie e i video di politica, cronaca, economia, sport	repubblica.it
ResearchGate - Share and discover research	researchgate.net
Business & Financial News, U.S & International Breaking News  | Reuters	reuters.com
Ğ Ğ˜Ğ ĞĞ¾Ğ²Ğ¾ÑÑ‚Ğ¸ - ÑĞ¾Ğ±Ñ‹Ñ‚Ğ¸Ñ Ğ² Ğ Ğ¾ÑÑĞ¸Ğ¸ Ğ¸ Ğ¼Ğ¸Ñ€Ğµ: Ñ‚ĞµĞ¼Ñ‹ Ğ´Ğ½Ñ, Ñ„Ğ¾Ñ‚Ğ¾, Ğ²Ğ¸Ğ´ĞµĞ¾, Ğ¸Ğ½Ñ„Ğ¾Ğ³Ñ€Ğ°Ñ„Ğ¸ĞºĞ°, Ñ€Ğ°Ğ´Ğ¸Ğ¾	ria.ru
rolloid - Los mejores tests, vÃ­deos y curiosidades de los que todo internet habla	rolloid.net
RT	rt.com
Rumble: Upload, watch, distribute and monetize social and viral videos	rumble.com
éœ²å¤©æ‹è³£-å°ç£ NO.1 æ‹è³£ç¶²ç«™	ruten.com.tw
Attention Required! | Cloudflare	sabq.org
Sahibinden SatÄ±lÄ±k, KiralÄ±k, Emlak, Oto, AlÄ±ÅŸveriÅŸ ÃœrÃ¼nleri	sahibinden.com
ãƒ¬ãƒ³ã‚¿ãƒ«ã‚µãƒ¼ãƒãƒ¼ï½œã•ãã‚‰ã‚¤ãƒ³ã‚¿ãƒ¼ãƒãƒƒãƒˆ - ç„¡æ–™ãŠè©¦ã—å®Ÿæ–½ä¸­	sakura.ne.jp
Salesforce.com: The Customer Success Platform To Grow Your Business	salesforce.com
SAPO	sapo.pt
Sberbank of Russia - Individual Clients	sberbank.ru
Scribol.com -Scribol.com -	scribol.com
ScienceDirect.com | Science, health and medical journals, full text articles and books.	sciencedirect.com
Web Search	searchalgo.com
Ğ¡ĞµÑ€Ğ¸Ğ°Ğ»Ñ‹ Ğ¢Ğ£Ğ¢! Ğ¡ĞµÑ€Ğ¸Ğ°Ğ»Ñ‹ Ğ¾Ğ½Ğ»Ğ°Ğ¹Ğ½ ÑĞ¼Ğ¾Ñ‚Ñ€ĞµÑ‚ÑŒ Ğ±ĞµÑĞ¿Ğ»Ğ°Ñ‚Ğ½Ğ¾. Ğ¡Ğ¼Ğ¾Ñ‚Ñ€ĞµÑ‚ÑŒ Ğ¾Ğ½Ğ»Ğ°Ğ¹Ğ½	seasonvar.ru
Search Private : Keep Your Private Information Private	searchprivate.org
Seesaa ãƒ–ãƒ­ã‚° - ç„¡æ–™ã®ãƒ–ãƒ­ã‚°ä½œæˆ(blog)ã‚µãƒ¼ãƒ“ã‚¹	seesaa.net
Free Porn Pics, Porn Gifs and Sex Videos â€“ SEX.COM	sex.com
ä¸‰ç«‹æ–°èç¶² SETN.com	setn.com
Seznam - najdu tam, co neznÃ¡m	seznam.cz
Ø´Ø±Ú©Øª Ø´Ø¨Ú©Ù‡ Ø§Ù„Ú©ØªØ±ÙˆÙ†ÛŒÚ©ÛŒ Ù¾Ø±Ø¯Ø§Ø®Øª Ú©Ø§Ø±Øª Ø´Ø§Ù¾Ø±Ú© - ØµÙØ­Ù‡ Ø§ØµÙ„ÛŒ	shaparak.ir
Earn money on short links. Make short links and earn the biggest money - Shorte.st links	sh.st
Earn money on short links. Make short links and earn money - Shink.in URL Shortener	shink.in
Access Denied	shopclues.com
æ–°æµªé¦–é¡µæµªé¦–	sina.com.cn
Slack: Where work happens	slack.com
Skype | Free calls to friends and family	skype.com
Slickdeals: The Best Deals, Coupons, Promo Codes & Discounts	slickdeals.net
Access Denied	snapdeal.com
360æœç´¢ï¼ŒSOé è°±	so.com
Noticias, anÃ¡lisis y descargas de software, guÃ­a de las mejores apps - Softonic	softonic.com
Solarmovie - Watch FREE Movies Online & TV shows	solarmoviez.to
æœç‹—æœç´¢å¼•æ“ - ä¸Šç½‘ä»æœç‹—å¼€å§‹	sogou.com
æœç‹	sohu.com
æœç‹—æœç´¢å¼•æ“ - ä¸Šç½‘ä»æœç‹—å¼€å§‹	soso.com
SoundCloud â€“ Listen to free music and podcasts on SoundCloud	soundcloud.com
SoSoDesk	sosodesktop.com
SourceForge - Download, Develop and Publish Free Open Source Software	sourceforge.net
HD Ğ¿Ğ¾Ñ€Ğ½Ğ¾ Ğ²Ğ¸Ğ´ĞµĞ¾ Ğ¸ Ğ±ĞµÑĞ¿Ğ»Ğ°Ñ‚Ğ½Ñ‹Ğµ Ñ„Ğ¸Ğ»ÑŒĞ¼Ñ‹ Ğ´Ğ»Ñ Ğ²Ğ·Ñ€Ğ¾ÑĞ»Ñ‹Ñ…-SpankBang: Ğ³Ğ»Ğ°Ğ²Ğ½Ğ°Ñ ÑÑ‚Ñ€Ğ°Ğ½Ğ¸Ñ†Ğ° Ğ¿Ğ¾Ñ€Ğ½Ğ¾	spankbang.com
Access Denied	southwest.com
Speedtest.net by Ookla - The Global Broadband Speed Test	speedtest.net
SPIEGEL ONLINE - Aktuelle Nachrichten	spiegel.de
Spor Haberleri, Son Dakika Spor, iddaa sonuçları ve tahminleri - Sporx	sporx.com
Availability - Spotify	spotify.com
8 3.370.2.0	spotscenered.info
Build a Website - SquarespaceSquarespaceSquarespaceSquarespaceSquarespacespinnerspinnerRectangle 3SquarespaceSquarespacedouble-arrowSquarespaceSquarespace	squarespace.com
403 Forbidden	srvr.work
Stack Overflow	stackoverflow.com
Hot Questions - Stack Exchange	stackexchange.com
Stanford University	stanford.edu
U.S. Department of State | Home Page	state.gov
Steam Community	steamcommunity.com
Welcome to Steam	steampowered.com
Ö¤È¯Ö®ĞÇ_ÖĞ¹ú½»Ò×ÕßµÚÒ»ÃÅ»§_¹ÉÆ±_»ù½ğ_Íâ»ã_ÆÚ»õ_»Æ½ğ_ĞĞÇé	stockstar.com
Streamable - video for publishersArtboard 19	streamable.com
Streamcloud: Easy way to share your files	streamcloud.eu
Subito.it - Annunci gratuiti Case, Auto usate, Moto, Offerte lavoro e annunci Usato	subito.it
Subscene - Passionate about good subtitles	subscene.com
Super User	superuser.com
News, E-Mail und Shopping bei t-online.deBaden-WÃ¼rttembergBayernBerlinBrandenburgBremenHamburgHessenMecklenburg-VorpommernNiedersachsenNordrhein-WestfalenRheinland-PfalzSaarlandSachsenSachsen-AnhaltSchleswig-HolsteinThÃ¼ringen	t-online.de
SurveyMonkey: Ğ±ĞµÑĞ¿Ğ»Ğ°Ñ‚Ğ½Ğ°Ñ Ğ¿Ñ€Ğ¾Ğ³Ñ€Ğ°Ğ¼Ğ¼Ğ° Ğ´Ğ»Ñ ÑĞ¾Ğ·Ğ´Ğ°Ğ½Ğ¸Ñ Ğ¸Ğ½Ñ‚ĞµÑ€Ğ½ĞµÑ‚-Ğ¾Ğ¿Ñ€Ğ¾ÑĞ¾Ğ² Ğ¸ ÑĞ¾ÑÑ‚Ğ°Ğ²Ğ»ĞµĞ½Ğ¸Ñ Ğ°Ğ½ĞºĞµÑ‚	surveymonkey.com
t.co / Twitter	t.co
	taleo.net
é£Ÿã¹ãƒ­ã‚° - ãƒ©ãƒ³ã‚­ãƒ³ã‚°ã¨å£ã‚³ãƒŸã§æ¢ã›ã‚‹ã‚°ãƒ«ãƒ¡ã‚µã‚¤ãƒˆ	tabelog.com
World's Largest Discovery Platform | Taboola	taboola.com
Access Denied	target.com
Taringa! - Inteligencia colectiva	taringa.net
TechCrunch - The latest technology news and information on startups	techcrunch.com
TED: Ideas worth spreadingMain menuTEDSearchCancel search	ted.com
TEEPR äº®æ–°è - æœ€ç†±é–€æœ‰è¶£çš„æ–°è	teepr.com
Telegram Messenger	telegram.org
	telewebion.com
	terraclicks.com
TFE Times | Business, Technology, and Culture	tfetimes.com
The Balance - Make Money Personalcloseicon	thebalance.com
Dictionary, Encyclopedia and Thesaurus - The Free Dictionary	thefreedictionary.com
Homepage - The Gamer Access	thegameraccess.com
Kitchn | Inspiring cooks, nourishing homes	thekitchn.com
Download music, movies, games, software! The Pirate Bay - The galaxy's most resilient BitTorrent site	thepiratebay.org
Thesaurus.com | Meanings and Definitions of Words at Thesaurus.com	thesaurus.com
Website Templates & Themes from ThemeForestMenuCart	themeforest.net
News, sport, celebrities and gossip | The Sun	thesun.co.uk
The Vergeclockmenumore-arrow	theverge.com
TheVideo	thevideo.me
	thewhizproducts.com
å¤©æ¶¯ç¤¾åŒº_å…¨çƒåäººç½‘ä¸Šå®¶å›­	tianya.cn
TIME | Current & Breaking News | National & World Updates	time.com
timeanddate.com	timeanddate.com
TISTORY	tistory.com
Ğ”ĞĞ¡Ğ¢Ğ£ĞŸ ĞĞ“Ğ ĞĞĞ˜Ğ§Ğ•Ğ	tnaflix.com
å¤©çŒ«tmall.com--ä¸Šå¤©çŒ«ï¼Œå°±å¤Ÿäº†	tmall.com
Tomâ€™s Hardware: For The Hardcore PC Enthusiast	tomshardware.com
Torrent9.biz - Telechargement de Torrents	torrent9.biz
Jual Beli Online Aman dan Nyaman - Tokopedia	tokopedia.com
	trackmedia101.com
403 Forbidden	tradeadexchange.com
Trello	trello.com
TripAdvisor: Read Reviews, Compare Prices & Book	tripadvisor.com
Trulia: Real Estate Listings, Homes For Sale, Housing Data
Menu Iconappleandroidgoogle	trulia.com
Free Porn Videos : Hot Sex Tube Movies | Tube8	tube8.com
Turbobit.net | Ğ‘ĞµĞ·Ğ»Ğ¸Ğ¼Ğ¸Ñ‚Ğ½Ğ¾Ğµ Ğ¸ Ğ±Ñ‹ÑÑ‚Ñ€Ğ¾Ğµ Ğ¾Ğ±Ğ»Ğ°ĞºĞ¾ Ñ„Ğ°Ğ¹Ğ»Ğ¾Ğ²	turbobit.net
Tutorials for Java Concurrency, Spring AOP, Gerrit, Spring MVC, Apache Solr, Excel Power View, Sencha Touch, Tex Commands, Agile Testing, Apache Tajo, C++ Library, MariaDB, SAP QM, SAP SOLMAN, SAP SCM, MS Access, KoaJS, OAuth2.0, Scrapy, SAP CCA, SAP PM, SAPUI5, Cognos, Internet of Things, Rural Marketing, Trampolining, Golf, CakePHP, SAP EWM, Web Dynpro, Angular2, Framework7, Arduino, CherryPy, Firebase,SAP C4C, SAP Dashboard, SAP PI, ExpressJS, Design Thinking, Internet Security, PyGTK, Apache Drill, Excel Charts, Elastic Search, Computer Security, Extreme Programming, Behavior Driven Development, Conversion Rate Optimization, SAP Basis, Business Law, Kanban, Erlang, SAP Payroll, ASP.Net WP, PouchDB, MFC, SAP HR, Yii, Clojure, Aurelia, CoffeeScript, CPanel, Laravel, SAP Webi, MS SQL Server, pinterest, Indian Polity, Teradata, Windows10	tutorialspoint.com
TVBS	tvbs.com.tw
Sign up | Tumblr	tumblr.com
Ğ¢Ğ²Ğ¸Ñ‚Ñ‚ĞµÑ€. Ğ—Ğ´ĞµÑÑŒ Ğ³Ğ¾Ğ²Ğ¾Ñ€ÑÑ‚ Ğ¾ Ñ‚Ğ¾Ğ¼, Ñ‡Ñ‚Ğ¾ Ğ¿Ñ€Ğ¾Ğ¸ÑÑ…Ğ¾Ğ´Ğ¸Ñ‚.	twitter.com
Twitch	twitch.tv
	txxx.com
Sign Up to Drive or Tap and Ride | Uber	uber.com
Udemy Online Courses - Learn Anything, On Your Schedule	udemy.com
è¯åˆæ–°èç¶²ï¼šè§¸å‹•æœªä¾† æ–°è­˜åŠ›	udn.com
Unity - Game Engine	unity3d.com
ULTIMATE GUITAR TABS. 1,100,000 songs catalog with free Chords, Guitar Tabs, Bass Tabs, Ukulele Chords and Guitar Pro Tabs!	ultimate-guitar.com
uploaded.net	uploaded.net
	upornia.com
Shipping, Freight, Logistics and Supply Chain Management from UPS	ups.com
Descarga de Apps para Android - Descarga, descubre, comparte en Uptodown	uptodown.com
Upwork - Hire Freelancers & Get Freelance Jobs Online	upwork.com
USA TODAY: Latest World and US News  - USATODAY.com	usatoday.com
Urban Dictionary, May 15: Starwank	urbandictionary.com
UrduPoint.com, Urdu News, Poetry Technology Sports, Health and more	urdupoint.com
ĞœĞ¾Ğ±Ğ¸Ğ»ÑŒĞ½Ğ°Ñ Ğ²ĞµÑ€ÑĞ¸Ñ Ğ’ĞšĞ¾Ğ½Ñ‚Ğ°ĞºÑ‚Ğµ	userapi.com
Access Denied	usnews.com
ÙˆØ±Ø²Ø´ Ø³Ù‡â€Œ :: ØµÙØ­Ù‡ Ø§ØµÙ„ÛŒ	varzesh3.com
Ğ’ĞµÑÑ‚Ğ¸.Ru: Ğ½Ğ¾Ğ²Ğ¾ÑÑ‚Ğ¸, Ğ²Ğ¸Ğ´ĞµĞ¾ Ğ¸ Ñ„Ğ¾Ñ‚Ğ¾ Ğ´Ğ½Ñ	vesti.ru
Uzone | Your Lifestyle Zone	uzone.id
VICE - ĞÑ€Ğ¸Ğ³Ğ¸Ğ½Ğ°Ğ»ÑŒĞ½Ñ‹Ğµ Ñ€ĞµĞ¿Ğ¾Ñ€Ñ‚Ğ°Ğ¶Ğ¸ Ğ¸ Ğ´Ğ¾ĞºÑƒĞ¼ĞµĞ½Ñ‚Ğ°Ğ»ÑŒĞ½Ñ‹Ğµ Ñ„Ğ¸Ğ»ÑŒĞ¼Ñ‹ Ğ¾ Ğ²ÑÑ‘Ğ¼ Ğ²Ğ°Ğ¶Ğ½Ğ¾Ğ¼ Ğ² Ğ¼Ğ¸Ñ€Ğµ.	vice.com
VideoDownloadConverter	videodownloadconverter.com
Ù‚Ù†Ø§Ø© Ø§Ù„ÙŠÙˆÙ… Ø§Ù„Ø³Ø§Ø¨Ø¹ Ø§Ù„Ù…ØµÙˆØ±Ø©	videoyoum7.com
Tin nhanh VnExpress - Äá»c bÃ¡o, tin tá»©c online 24h	vnexpress.net
	vjav.com
Vimeo: Watch, upload and share HD and 4k videos with no ads	vimeo.com
ĞœĞ¾Ğ±Ğ¸Ğ»ÑŒĞ½Ğ°Ñ Ğ²ĞµÑ€ÑĞ¸Ñ Ğ’ĞšĞ¾Ğ½Ñ‚Ğ°ĞºÑ‚Ğµ	vk.com
Voluum Tracking Domain	voluumtrk.com
	voyeurhit.com
»ªÉùÔÚÏß - ºşÄÏÎ¶µÀ£¬ÖĞ»ªÉùÒô	voc.com.cn
HD Porn & Free Porn Videos - vPorn Tube	vporn.com
W3Schools Online Web Tutorials	w3schools.com
BÃ¡o Ä‘iá»‡n tá»­ ÄÃ i Truyá»n hÃ¬nh Viá»‡t Nam | VTV.vn	vtv.vn
Washington Post: Breaking News, World, US, DC News & Analysis - The Washington Post	washingtonpost.com
Putlocker - Watch Free Full Movies Online	watchfree.to
Watch Series Online Free - WatchSeries.CR	watchseries.cr
Wattpad - Stories You'll Love	wattpad.com
	weather.com
WEB.DE - E-Mail-Adresse kostenlos, FreeMail, De-Mail & Nachrichten	web.de
Cisco WebEx â€” Online Meetings and Video Conferencing	webex.com
WebMD - Better information. Better health.	webmd.com
403 Forbidden	weevah2.top
Weebly Website Builder: Create a Free Website, Store or Blog	weebly.com
Sina Visitor System	weibo.com
Wells Fargo - Personal & Business Banking - Student, Auto & Home Loans - Investing & Insurance	wellsfargo.com
WeTransfer	wetransfer.com
Western Journalism | Equipping You With The Truth	westernjournalism.com
WhatsApp	whatsapp.com
Fandom powered by Wikia	wikia.com
wikiHow - How to do anything	wikihow.com
Wikimedia	wikimedia.org
Wiktionary	wiktionary.org
Wikipedia	wikipedia.org
Wish - Shopping Made Fun	wish.com
WittyFeed | Express and Explore beautiful stories.	wittyfeed.com
WordPress.com: ÑĞ¾Ğ·Ğ´Ğ°Ğ¹Ñ‚Ğµ Ğ±ĞµÑĞ¿Ğ»Ğ°Ñ‚Ğ½Ñ‹Ğ¹ Ğ²ĞµĞ±-ÑĞ°Ğ¹Ñ‚ Ğ¸Ğ»Ğ¸ Ğ±Ğ»Ğ¾Ğ³controls	wordpress.com
403 Forbidden	wowhead.com
English to French, Italian, German & Spanish Dictionary - WordReference.com	wordreference.com
WordPress.com: ÑĞ¾Ğ·Ğ´Ğ°Ğ¹Ñ‚Ğµ Ğ±ĞµÑĞ¿Ğ»Ğ°Ñ‚Ğ½Ñ‹Ğ¹ Ğ²ĞµĞ±-ÑĞ°Ğ¹Ñ‚ Ğ¸Ğ»Ğ¸ Ğ±Ğ»Ğ¾Ğ³controls	wp.com
The Wall Street Journal & Breaking News, Business, Financial and Economic News, World News and Video	wsj.com
Weather Forecast & Reports - Long Range & Local | Wunderground | Weather Underground	wunderground.com
Welcome to GOV.UK	www.gov.uk
Wykop.pl - newsy, aktualnoÅ›ci, gry, wiadomoÅ›ci, muzyka, ciekawostki, filmiki	wykop.pl
XDA-Developers Android Forums	xda-developers.com
XFINITYÂ® TV, Internet, Phone & Home Security Services by Comcast	xfinity.com
Ğ”ĞĞ¡Ğ¢Ğ£ĞŸ ĞĞ“Ğ ĞĞĞ˜Ğ§Ğ•Ğ	xhamster.com
æ–°åç½‘_è®©æ–°é—»ç¦»ä½ æ›´è¿‘	xinhuanet.com
Contact Us	xl415.com
Free Porn, Sex, Tube Videos, XXX Pics, Pussy in Porno Movies - XNXX.COM	xnxx.com
Google	xxlargepop.com
Xtube :: Free Porn, Sex Movies & Porn Tube - XXX Gay Porno Videos	xtube.com
Y8 Games	y8.com
Yahoo	yahoo.com
Page Redirection	yalla-shoot.com
Yahoo! JAPAN	yahoo.co.jp
Yandex	yandex.com.tr
Ğ¯Ğ½Ğ´ĞµĞºÑ	yandex.kz
Ğ¯Ğ½Ğ´ĞµĞºÑ	yandex.ru
Ğ¯ĞŸĞ»Ğ°ĞºĞ°Ğ»ÑŠ	yaplakal.com
San Francisco Restaurants, Dentists, Bars, Beauty Salons, Doctors - Yelp	yelp.com
å¤©æç½‘_å…¨çƒæœ€å¤§ä¸­æ–‡ITç½‘ç«™ å¼•é¢†ä¸­å›½æ•°å­—ç”Ÿæ´»	yesky.com
Son Dakika, Haber, Haberler, Gazete, Gazeteler - Yeni Åafak	yenisafak.com
Ø®Ø¨Ø±Ú¯Ø²Ø§Ø±ÛŒ Ø¨Ø§Ø´Ú¯Ø§Ù‡ Ø®Ø¨Ø±Ù†Ú¯Ø§Ø±Ø§Ù† | Ø¢Ø®Ø±ÛŒÙ† Ø§Ø®Ø¨Ø§Ø± Ø§ÛŒØ±Ø§Ù† Ùˆ Ø¬Ù‡Ø§Ù† | YJC	yjc.ir
åŸææ–™é‡‡è´­ä¸Šä¸€å‘¼ç™¾åº”ï¼ˆyouboy.comï¼‰_æœºæ¢°ã€é…ä»¶ã€åŠæˆå“ã€åŸææ–™é‡‡è´­äº¤æ˜“å¹³å°ï¼	youboy.com
æœ‰é“é¦–é¡µ	youdao.com
ä¼˜é…·é¦–é¡µ	youku.com
Ø§Ù„ÙŠÙˆÙ… Ø§Ù„Ø³Ø§Ø¨Ø¹	youm7.com
YouTube to mp3 Converter	youtube-mp3.org
YouTube	youtube.com
Zendesk	zendesk.com
æˆ˜æ——ç›´æ’­_Live For Gamersä¸¨å¤©ç”Ÿçˆ±ç©,æ¸¸æˆè‡³ä¸Šï¼- zhanqi.tv	zhanqi.tv
çŸ¥ä¹ - ä¸ä¸–ç•Œåˆ†äº«ä½ çš„çŸ¥è¯†ã€ç»éªŒå’Œè§è§£	zhihu.com
Zillow: Real Estate, Apartments, Mortgages & Home Values	zillow.com
Zing.vn - Tin tá»©c 24h, hÃ¬nh áº£nh áº¥n tÆ°á»£ng	zing.vn
Zippyshare.com - Free File Hosting	zippyshare.com
Zoho - Cloud Software Suite and SaaS Applications for Businesses	zoho.com
Zomato - Never have a bad meal.	zomato.com
Zone Telechargement - Site de TÃ©lÃ©chargement Gratuit	zone-telechargement.ws