4PDA	4pda.ru
AdMe вЂ” РўРІРѕСЂС‡РµСЃС‚РІРѕ. РЎРІРѕР±РѕРґР°. Р–РёР·РЅСЊ.	adme.ru
Р”РѕСЃРєР° РѕР±СЉСЏРІР»РµРЅРёР№ РѕС‚ С‡Р°СЃС‚РЅС‹С… Р»РёС† Рё РєРѕРјРїР°РЅРёР№ РЅР° Avito	avito.ru
DRIVE2.RU	drive2.ru
Drom.ru - автомобильный портал	drom.ru
Google	google.ru
Please wait 5 seconds...	kissanime.ru
КиноПоиск — Все фильмы планеты	kinopoisk.ru
Lenta.ru	lenta.ru
Mail.Ru: РїРѕС‡С‚Р°, РїРѕРёСЃРє РІ РёРЅС‚РµСЂРЅРµС‚Рµ, РЅРѕРІРѕСЃС‚Рё, РёРіСЂС‹	mail.ru
OK.RU	ok.ru
Горячее	pikabu.ru
Р Р°РјР±Р»РµСЂ - РјРµРґРёР№РЅС‹Р№ РїРѕСЂС‚Р°Р»	rambler.ru
Р Р‘Рљ вЂ” РЅРѕРІРѕСЃС‚Рё, Р°РєС†РёРё, РєСѓСЂСЃС‹ РІР°Р»СЋС‚, РґРѕР»Р»Р°СЂ, РµРІСЂРѕ	rbc.ru
Р РРђ РќРѕРІРѕСЃС‚Рё - СЃРѕР±С‹С‚РёСЏ РІ Р РѕСЃСЃРёРё Рё РјРёСЂРµ: С‚РµРјС‹ РґРЅСЏ, С„РѕС‚Рѕ, РІРёРґРµРѕ, РёРЅС„РѕРіСЂР°С„РёРєР°, СЂР°РґРёРѕ	ria.ru
Sberbank of Russia - Individual Clients	sberbank.ru
РЎРµСЂРёР°Р»С‹ РўРЈРў! РЎРµСЂРёР°Р»С‹ РѕРЅР»Р°Р№РЅ СЃРјРѕС‚СЂРµС‚СЊ Р±РµСЃРїР»Р°С‚РЅРѕ. РЎРјРѕС‚СЂРµС‚СЊ РѕРЅР»Р°Р№РЅ	seasonvar.ru
Р’РµСЃС‚Рё.Ru: РЅРѕРІРѕСЃС‚Рё, РІРёРґРµРѕ Рё С„РѕС‚Рѕ РґРЅСЏ	vesti.ru
РЇРЅРґРµРєСЃ	yandex.ru