1,google.com
2,youtube.com
3,facebook.com
4,baidu.com
5,wikipedia.org
6,yahoo.com
7,reddit.com
8,google.co.in
9,qq.com
10,taobao.com
11,twitter.com
12,amazon.com
13,sohu.com
14,google.co.jp
15,tmall.com
16,live.com
17,vk.com
18,instagram.com
19,sina.com.cn
20,360.cn
21,jd.com
22,weibo.com
23,google.de
24,google.co.uk
25,linkedin.com
26,yandex.ru
27,google.fr
28,google.ru
29,google.com.br
30,ntd.tv
31,netflix.com
32,yahoo.co.jp
33,google.com.hk
34,list.tmall.com
35,t.co
36,imgur.com
37,google.it
38,hao123.com
39,ebay.com
40,onclkds.com
41,google.es
42,bing.com
43,msn.com
44,wordpress.com
45,twitch.tv
46,pornhub.com
47,aliexpress.com
48,livejasmin.com
49,mail.ru
50,tumblr.com
51,google.ca
52,microsoft.com
53,google.com.mx
54,stackoverflow.com
55,xvideos.com
56,ok.ru
57,imdb.com
58,blogspot.com
59,office.com
60,pinterest.com
61,amazon.co.jp
62,github.com
63,alipay.com
64,popads.net
65,microsoftonline.com
66,diply.com
67,wikia.com
68,apple.com
69,tianya.cn
70,google.com.tr
71,csdn.net
72,whatsapp.com
73,google.com.au
74,google.com.tw
75,detail.tmall.com
76,paypal.com
77,xhamster.com
78,google.co.id
79,adobe.com
80,soso.com
81,bongacams.com
82,google.pl
83,coccoc.com
84,txxx.com
85,porn555.com
86,pixnet.net
87,amazon.de
88,dropbox.com
89,googleusercontent.com
90,google.co.th
91,google.com.pk
92,google.com.eg
93,google.com.sa
94,bbc.co.uk
95,craigslist.org
96,fc2.com
97,clicksgear.com
98,china.com
99,cnn.com
100,thepiratebay.org
101,google.com.ar
102,amazon.in
103,soundcloud.com
104,bbc.com
105,amazon.co.uk
106,uptodown.com
107,so.com
108,quora.com
109,dailymotion.com
110,adf.ly
111,google.nl
112,blastingnews.com
113,booking.com
114,ettoday.net
115,gmw.cn
116,espn.com
117,amazonaws.com
118,rakuten.co.jp
119,ask.com
120,nytimes.com
121,xnxx.com
122,huaban.com
123,mozilla.org
124,ebay.de
125,detik.com
126,naver.com
127,daikynguyenvn.com
128,vimeo.com
129,blogger.com
130,stackexchange.com
131,onlinesbi.com
132,tribunnews.com
133,google.co.za
134,google.co.ve
135,savefrom.net
136,vice.com
137,fbcdn.net
138,bet365.com
139,youku.com
140,salesforce.com
141,ebay.co.uk
142,nicovideo.jp
143,spotify.com
144,steamcommunity.com
145,theguardian.com
146,chaturbate.com
147,buzzfeed.com
148,slideshare.net
149,google.com.vn
150,chase.com
151,xinhuanet.com
152,google.gr
153,avito.ru
154,dailymail.co.uk
155,wittyfeed.com
156,google.com.co
157,mediafire.com
158,popcash.net
159,indeed.com
160,cnet.com
161,google.be
162,deviantart.com
163,globo.com
164,google.com.sg
165,gomovies.to
166,adexchangeprediction.com
167,google.se
168,uol.com.br
169,flipkart.com
170,9gag.com
171,nih.gov
172,varzesh3.com
173,google.com.ph
174,thewhizmarketing.com
175,zhihu.com
176,cctv.com
177,github.io
178,wikihow.com
179,google.co.kr
180,google.cn
181,askcom.me
182,rambler.ru
183,openload.co
184,google.ro
185,pinimg.com
186,google.com.ua
187,upornia.com
188,lifebuzz.com
189,softonic.com
190,google.az
191,w3schools.com
192,twimg.com
193,iwanttodeliver.com
194,steampowered.com
195,sogou.com
196,etsy.com
197,redtube.com
198,google.at
199,hotstar.com
200,babytree.com
201,gfycat.com
202,godaddy.com
203,force.com
204,dingit.tv
205,slack.com
206,bp.blogspot.com
207,prestoris.com
208,messenger.com
209,google.com.ng
210,google.com.pe
211,washingtonpost.com
212,roblox.com
213,google.cz
214,china.com.cn
215,alibaba.com
216,hclips.com
217,battle.net
218,yelp.com
219,huffingtonpost.com
220,google.ch
221,redd.it
222,reimageplus.com
223,walmart.com
224,4chan.org
225,bankofamerica.com
226,indiatimes.com
227,youm7.com
228,mama.cn
229,google.cl
230,tokopedia.com
231,mercadolivre.com.br
232,livedoor.jp
233,douyu.com
234,outbrain.com
235,myway.com
236,google.no
237,trello.com
238,kinogo.club
239,cnblogs.com
240,amazon.fr
241,google.ae
242,rolloid.net
243,amazon.it
244,mega.nz
245,weather.com
246,chinadaily.com.cn
247,wellsfargo.com
248,1688.com
249,zillow.com
250,discordapp.com
251,abs-cbn.com
252,cnzz.com
253,rarbg.to
254,tripadvisor.com
255,google.pt
256,livejournal.com
257,ameblo.jp
258,thesaurus.com
259,liputan6.com
260,google.dz
261,youporn.com
262,gamepedia.com
263,kissanime.ru
264,files.wordpress.com
265,wordreference.com
266,bilibili.com
267,yts.ag
268,extratorrent.cc
269,doubleclick.net
270,intuit.com
271,archive.org
272,wikimedia.org
273,weebly.com
274,cricbuzz.com
275,spankbang.com
276,forbes.com
277,sharepoint.com
278,ikea.com
279,ltn.com.tw
280,google.hu
281,39.net
282,irctc.co.in
283,163.com
284,allegro.pl
285,foxnews.com
286,ebay-kleinanzeigen.de
287,google.ie
288,speedtest.net
289,feedly.com
290,youtube-mp3.org
291,blackboard.com
292,rutracker.org
293,ign.com
294,giphy.com
295,aol.com
296,kakaku.com
297,exoclick.com
298,iqiyi.com
299,google.dk
300,genius.com
301,google.co.il
302,businessinsider.com
303,wetransfer.com
304,bet9ja.com
305,shutterstock.com
306,spotscenered.info
307,trackmedia101.com
308,kinopoisk.ru
309,codeonclick.com
310,breitbart.com
311,google.co.ao
312,yesky.com
313,skype.com
314,freepik.com
315,sourceforge.net
316,leboncoin.fr
317,scribd.com
318,kompas.com
319,rumble.com
320,flickr.com
321,google.fi
322,researchgate.net
323,sabah.com.tr
324,ouo.io
325,asos.com
326,blogspot.com.br
327,rt.com
328,huanqiu.com
329,blogspot.in
330,zippyshare.com
331,performanceadexchange.com
332,sberbank.ru
333,eastday.com
334,web.de
335,espncricinfo.com
336,digikala.com
337,bukalapak.com
338,kaskus.co.id
339,torrentz2.eu
340,hotmovs.com
341,gmx.net
342,bestbuy.com
343,gearbest.com
344,amazon.es
345,nownews.com
346,k618.cn
347,goodreads.com
348,samsung.com
349,gamefaqs.com
350,fmovies.se
351,amazon.cn
352,oracle.com
353,mediawhirl.net
354,airbnb.com
355,leagueoflegends.com
356,histock.info
357,google.sk
358,caijing.com.cn
359,providr.com
360,media.tumblr.com
361,2ch.net
362,tfetimes.com
363,hatena.ne.jp
364,wordpress.org
365,pwwysydh.com
366,xfinity.com
367,streamable.com
368,webtretho.com
369,hilltopads.net
370,onlinevideoconverter.com
371,hola.com
372,instructure.com
373,thewhizproducts.com
374,mailchimp.com
375,service.tmall.com
376,bitauto.com
377,orange.fr
378,hp.com
379,telegram.org
380,mysagagame.com
381,naver.jp
382,aliyun.com
383,telegraph.co.uk
384,medium.com
385,accuweather.com
386,appspot.com
387,icloud.com
388,taringa.net
389,charmstroy.info
390,daum.net
391,pandora.com
392,subscene.com
393,onedio.com
394,setn.com
395,onet.pl
396,gismeteo.ru
397,evernote.com
398,goo.ne.jp
399,homedepot.com
400,baike.com
401,amazon.ca
402,oeeee.com
403,dictionary.com
404,hatenablog.com
405,ndtv.com
406,mlb.com
407,utorrent.com
408,aparat.com
409,gyazo.com
410,independent.co.uk
411,shopify.com
412,naij.com
413,beeg.com
414,perfecttoolmedia.com
415,zendesk.com
416,google.kz
417,youdao.com
418,userapi.com
419,ensonhaber.com
420,taboola.com
421,wix.com
422,redirectvoluum.com
423,elpais.com
424,hulu.com
425,behance.net
426,usps.com
427,ci123.com
428,haber7.com
429,hdfcbank.com
430,taleo.net
431,repubblica.it
432,capitalone.com
433,boredpanda.com
434,paytm.com
435,livedoor.com
436,urbandictionary.com
437,go.com
438,bloomberg.com
439,target.com
440,atlassian.net
441,nba.com
442,marca.com
443,spiegel.de
444,reverso.net
445,themeforest.net
446,mit.edu
447,americanexpress.com
448,canva.com
449,wp.pl
450,myanimelist.net
451,seasonvar.ru
452,mercadolibre.com.ar
453,tutorialspoint.com
454,mi.com
455,subject.tmall.com
456,box.com
457,doublepimp.com
458,doublepimpssl.com
459,gizmodo.com
460,sciencedirect.com
461,google.com.kw
462,ebay.it
463,weevah2.top
464,free.fr
465,ytimg.com
466,duckduckgo.com
467,kapanlagi.com
468,shink.in
469,ups.com
470,4dsply.com
471,kooora.com
472,familydoctor.com.cn
473,fiverr.com
474,nametests.com
475,albawabhnews.com
476,line.me
477,seznam.cz
478,newtabtv.com
479,patch.com
480,adnetworkperformance.com
481,prezi.com
482,poptm.com
483,ultimate-guitar.com
484,azlyrics.com
485,dell.com
486,rednet.cn
487,vporn.com
488,reuters.com
489,camdolls.com
490,conservativetribune.com
491,kickstarter.com
492,t-online.de
493,livescore.com
494,chatwork.com
495,upwork.com
496,webmd.com
497,mmofreegames.online
498,rottentomatoes.com
499,douban.com
500,siteadvisor.com
501,rackcdn.com
502,lemonde.fr
503,google.bg
504,ck101.com
505,videodownloadconverter.com
506,momoshop.com.tw
507,ptt.cc
508,icicibank.com
509,udemy.com
510,biobiochile.cl
511,weblio.jp
512,google.co.nz
513,flirt4free.com
514,searchprivate.org
515,wiley.com
516,ibm.com
517,billdesk.com
518,pantip.com
519,1337x.to
520,rediff.com
521,pulseonclick.com
522,glassdoor.com
523,theverge.com
524,hespress.com
525,tube8.com
526,xda-developers.com
527,nur.kz
528,merdeka.com
529,goal.com
530,gamer.com.tw
531,wiktionary.org
532,lapatilla.com
533,chaoshi.tmall.com
534,patreon.com
535,sahibinden.com
536,playstation.com
537,yandex.ua
538,mywatchseries.to
539,directrev.com
540,umblr.com
541,ebay.com.au
542,slickdeals.net
543,thefreedictionary.com
544,filehippo.com
545,fedex.com
546,gsmarena.com
547,thevideo.me
548,yenisafak.com
549,4shared.com
550,pixabay.com
551,qiita.com
552,blogspot.mx
553,bookmyshow.com
554,apple-kungfu.com
555,chip.de
556,nike.com
557,khanacademy.org
558,givemesport.com
559,my-hit.org
560,pikabu.ru
561,cambridge.org
562,ablogica.com
563,ria.ru
564,wowhead.com
565,wsj.com
566,libero.it
567,usatoday.com
568,google.lk
569,cloudfront.net
570,manoramaonline.com
571,blogspot.com.es
572,blogfa.com
573,epochtimes.com
574,google.rs
575,zoho.com
576,bild.de
577,mercadolibre.com.mx
578,tabelog.com
579,videoyoum7.com
580,wixsite.com
581,drom.ru
582,office365.com
583,citi.com
584,avg.com
585,nanoadexchange.com
586,java.com
587,tvbs.com.tw
588,emol.com
589,porn.com
590,comicbook.com
591,uidai.gov.in
592,bleacherreport.com
593,groupon.com
594,naukri.com
595,speedknow.co
596,shaparak.ir
597,adplxmd.com
598,hurriyet.com.tr
599,ouedkniss.com
600,irs.gov
601,surveymonkey.com
602,faithtap.com
603,dmm.co.jp
604,springer.com
605,academia.edu
606,google.by
607,discogs.com
608,google.com.do
609,beytoote.com
610,hm.com
611,youjizz.com
612,pairade.com
613,as.com
614,quizlet.com
615,friv.com
616,investopedia.com
617,animeflv.net
618,sabq.org
619,asana.com
620,olx.pl
621,getpocket.com
622,engadget.com
623,prothom-alo.com
624,kijiji.ca
625,myanmarload.com
626,milliyet.com.tr
627,ampxchange.com
628,list-manage.com
629,hubspot.com
630,bandcamp.com
631,myfreecams.com
632,teepr.com
633,npr.org
634,olx.com.br
635,uploaded.net
636,eksisozluk.com
637,badoo.com
638,lefigaro.fr
639,fbsbx.com
640,lifehacker.com
641,namnak.com
642,nhl.com
643,ask.fm
644,att.com
645,elmundo.es
646,linkshrink.net
647,asus.com
648,humblebundle.com
649,buyma.com
650,liftable.com
651,convert2mp3.net
652,neobux.com
653,streamcloud.eu
654,wattpad.com
655,tradeadexchange.com
656,expedia.com
657,mobile.de
658,nikkei.com
659,liveadexchanger.com
660,google.com.ly
661,drive2.ru
662,mlvc4zzw.space
663,104.com.tw
664,jrj.com.cn
665,okta.com
666,lazada.co.id
667,terraclicks.com
668,sex.com
669,elbalad.news
670,urdupoint.com
671,inquirer.net
672,newegg.com
673,witchcraftcash.com
674,okezone.com
675,ebay.in
676,corriere.it
677,google.hr
678,ccm.net
679,snapdeal.com
680,comcast.net
681,firstgame.xyz
682,lenta.ru
683,squarespace.com
684,disqus.com
685,thekitchn.com
686,intoday.in
687,stanford.edu
688,hotels.com
689,bitbucket.org
690,appledaily.com.tw
691,japanpost.jp
692,prpops.com
693,aastocks.com
694,xe.com
695,17ok.com
696,autodesk.com
697,banggood.com
698,okcupid.com
699,meetup.com
700,solarmoviez.to
701,drtuber.com
702,elevenia.co.id
703,wunderground.com
704,tistory.com
705,g2a.com
706,adp.com
707,commentcamarche.net
708,olx.ua
709,sh.st
710,ecosia.org
711,uzone.id
712,queryrouter.com
713,google.tn
714,realtor.com
715,www.gov.uk
716,discuss.com.hk
717,techcrunch.com
718,subito.it
719,oschina.net
720,cnbc.com
721,bitmedianetwork.com
722,goo.gl
723,chinaz.com
724,dafont.com
725,admarketplace.net
726,16rd0117.xyz
727,verizonwireless.com
728,gogoanime.io
729,torrent9.biz
730,rbc.ru
731,webex.com
732,liveleak.com
733,addthis.com
734,merriam-webster.com
735,sakura.ne.jp
736,souq.com
737,infusionsoft.com
738,disq.us
739,telewebion.com
740,jeuxvideo.com
741,howtogeek.com
742,elfagr.org
743,instructables.com
744,likemag.com
745,eventbrite.com
746,motherless.com
747,coursera.org
748,mirror.co.uk
749,westernjournalism.com
750,life.tw
751,ca.gov
752,chouftv.ma
753,blog.jp
754,xxlargepop.com
755,bodybuilding.com
756,wish.com
757,rapidgator.net
758,drudgereport.com
759,hdzog.com
760,bhaskar.com
761,yalla-shoot.com
762,lenovo.com
763,mercadolibre.com.ve
764,unity3d.com
765,vjav.com
766,nordstrom.com
767,kotaku.com
768,crunchyroll.com
769,ebay.fr
770,chron.com
771,51sole.com
772,pussysaga.com
773,gotporn.com
774,zone-telechargement.ws
775,secureserver.net
776,junbi-tracker.com
777,superuser.com
778,go2cloud.org
779,jimdo.com
780,suning.com
781,pages.tmall.com
782,googlevideo.com
783,jw.org
784,primewire.ag
785,mashable.com
786,zhanqi.tv
787,europa.eu
788,ieee.org
789,vnexpress.net
790,gazetaexpress.com
791,duolingo.com
792,fanfiction.net
793,youboy.com
794,cisco.com
795,adidas.tmall.com
796,watchfree.to
797,bitly.com
798,iplt20.com
799,onclickpredictiv.com
800,timeanddate.com
801,watsons.tmall.com
802,cbssports.com
803,launchpage.org
804,divar.ir
805,thesun.co.uk
806,52pk.com
807,php.net
808,gamespot.com
809,asdfg.pro
810,mangafox.me
811,hearthpwn.com
812,zing.vn
813,latimes.com
814,android.com
815,time.com
816,caliente.mx
817,deviantart.net
818,4pda.ru
819,macys.com
820,nasa.gov
821,tomshardware.com
822,wp.com
823,fatosdesconhecidos.com.br
824,receptix.com
825,popmyads.com
826,jianshu.com
827,sputniknews.com
828,bomb01.com
829,bintang.com
830,moneycontrol.com
831,nbcnews.com
832,ctitv.com.tw
833,prnt.sc
834,harvard.edu
835,cdiscount.com
836,intel.com
837,kayak.com
838,pchome.com.tw
839,allocine.fr
840,google.com.ec
841,hootsuite.com
842,ijquery11.com
843,gutefrage.net
844,ted.com
845,brilio.net
846,onclickads.net
847,udn.com
848,vtv.vn
849,curapelanatureza.com.br
850,google.lt
851,ifeng.com
852,discover.com
853,express.co.uk
854,nextlnk13.com
855,kissasian.com
856,grammarly.com
857,alicdn.com
858,scribol.com
859,y8.com
860,extra.to
861,clevernt.com
862,ero-advertising.com
863,lowes.com
864,fidelity.com
865,interia.pl
866,trulia.com
867,issuu.com
868,investing.com
869,nfl.com
870,andhrajyothy.com
871,blogspot.jp
872,dict.cc
873,brazzers.com
874,gmarket.co.kr
875,chinaso.com
876,kinoprofi.org
877,southwest.com
878,innfrad.com
879,google.iq
880,allrecipes.com
881,cbc.ca
882,stream-it.online
883,nature.com
884,norton.com
885,voc.com.cn
886,ruten.com.tw
887,nocookie.net
888,psu.edu
889,digitalprivacyalert.org
890,adbooth.com
891,yandex.com.tr
892,gmanetwork.com
893,stockstar.com
894,lazada.com.ph
895,tnaflix.com
896,sosodesktop.com
897,asahi.com
898,clipconverter.cc
899,cam4.com
900,coursehero.com
901,xtube.com
902,bhphotovideo.com
903,thebalance.com
904,watchseries.cr
905,donga.com
906,thegameraccess.com
907,58.com
908,searchalgo.com
909,mynavi.jp
910,vetogate.com
911,yaplakal.com
912,codepen.io
913,makemytrip.com
914,xl415.com
915,avast.com
916,bankmellat.ir
917,myfitnesspal.com
918,otakukart.com
919,python.org
920,mobile01.com
921,almasryalyoum.com
922,el-nacional.com
923,bs.to
924,askubuntu.com
925,ticketmaster.com
926,usnews.com
927,olx.in
928,uber.com
929,idnes.cz
930,qualtrics.com
931,nhk.or.jp
932,href.li
933,absoluteclickscom.com
934,qoolquiz.com
935,fanpage.gr
936,agoda.com
937,india.com
938,brightside.me
939,srvr.work
940,nypost.com
941,ecollege.com
942,techradar.com
943,eyny.com
944,nikkeibp.co.jp
945,torrentproject.se
946,kizlarsoruyor.com
947,airtel.in
948,internetdownloadmanager.com
949,elmogaz.com
950,google.com.mm
951,repelis.tv
952,bola.net
953,metropoles.com
954,easytelevisionaccessnow.com
955,123moviesfree.com
956,itmedia.co.jp
957,portalinteressante.com
958,zomato.com
959,state.gov
960,google.si
961,voyeurhit.com
962,turbobit.net
963,caixa.gov.br
964,google.com.my
965,lun.com
966,mathworks.com
967,berkeley.edu
968,adme.ru
969,yandex.kz
970,plarium.com
971,google.com.gt
972,kinokrad.co
973,premierleague.com
974,adscpm.net
975,sporx.com
976,creditkarma.com
977,dailypakistan.com.pk
978,hltv.org
979,leadzupc.com
980,wykop.pl
981,sapo.pt
982,seesaa.net
983,theatlantic.com
984,biblegateway.com
985,opensubtitles.org
986,hepsiburada.com
987,dmv.org
988,livestrong.com
989,google.com.af
990,lk21.me
991,freejobalert.com
992,mawdoo3.com
993,voluumtrk.com
994,gazeta.pl
995,vesti.ru
996,shopclues.com
997,gongchang.com
998,spanishdict.com
999,yjc.ir
1000,gazzetta.it